0 verbose cli /usr/local/bin/node /usr/local/bin/npm
1 info using npm@11.16.0
2 info using node@v24.18.0
3 silly config load:file:/usr/local/lib/node_modules/npm/npmrc
4 silly config load:file:/Users/mahesh/projects/blog/frontend/.npmrc
5 silly config load:file:/Users/mahesh/.npmrc
6 silly config load:file:/usr/local/etc/npmrc
7 verbose title npm install
8 verbose argv "install" "--cache" "/Users/mahesh/projects/blog/.npm-cache" "--legacy-peer-deps"
9 verbose logfile logs-max:10 dir:/Users/mahesh/projects/blog/.npm-cache/_logs/2026-07-23T04_40_00_478Z-
10 verbose logfile /Users/mahesh/projects/blog/.npm-cache/_logs/2026-07-23T04_40_00_478Z-debug-0.log
11 silly logfile done cleaning log files
12 silly packumentCache heap:2348810240 maxSize:587202560 maxEntrySize:293601280
13 silly idealTree buildDeps
14 silly fetch manifest @mahe-npm/common@^1.0.2
15 silly packumentCache full:https://registry.npmjs.org/@mahe-npm%2fcommon cache-miss
16 http fetch GET 200 https://registry.npmjs.org/npm 419ms
17 http fetch GET 200 https://registry.npmjs.org/@mahe-npm%2fcommon 1182ms (cache miss)
18 silly packumentCache full:https://registry.npmjs.org/@mahe-npm%2fcommon set size:undefined disposed:false
19 silly fetch manifest @tailwindcss/vite@^4.0.6
20 silly packumentCache full:https://registry.npmjs.org/@tailwindcss%2fvite cache-miss
21 http fetch GET 200 https://registry.npmjs.org/@tailwindcss%2fvite 160ms (cache miss)
22 silly packumentCache full:https://registry.npmjs.org/@tailwindcss%2fvite set size:undefined disposed:false
23 silly fetch manifest axios@^1.7.9
24 silly packumentCache full:https://registry.npmjs.org/axios cache-miss
25 http fetch GET 200 https://registry.npmjs.org/axios 111ms (cache miss)
26 silly packumentCache full:https://registry.npmjs.org/axios set size:undefined disposed:false
27 silly fetch manifest dotenv@^16.4.7
28 silly packumentCache full:https://registry.npmjs.org/dotenv cache-miss
29 http fetch GET 200 https://registry.npmjs.org/dotenv 99ms (cache miss)
30 silly packumentCache full:https://registry.npmjs.org/dotenv set size:undefined disposed:false
31 silly fetch manifest react@^18.3.1
32 silly packumentCache full:https://registry.npmjs.org/react cache-miss
33 http fetch GET 200 https://registry.npmjs.org/react 317ms (cache miss)
34 silly packumentCache full:https://registry.npmjs.org/react set size:undefined disposed:false
35 silly fetch manifest react-dom@^18.3.1
36 silly packumentCache full:https://registry.npmjs.org/react-dom cache-miss
37 http fetch GET 200 https://registry.npmjs.org/react-dom 288ms (cache miss)
38 silly packumentCache full:https://registry.npmjs.org/react-dom set size:undefined disposed:false
39 silly fetch manifest react-router@^7.1.5
40 silly packumentCache full:https://registry.npmjs.org/react-router cache-miss
41 http fetch GET 200 https://registry.npmjs.org/react-router 188ms (cache miss)
42 silly packumentCache full:https://registry.npmjs.org/react-router set size:undefined disposed:false
43 silly fetch manifest react-toastify@^11.0.5
44 silly packumentCache full:https://registry.npmjs.org/react-toastify cache-miss
45 http fetch GET 200 https://registry.npmjs.org/react-toastify 91ms (cache miss)
46 silly packumentCache full:https://registry.npmjs.org/react-toastify set size:undefined disposed:false
47 silly fetch manifest @eslint/js@^9.17.0
48 silly packumentCache full:https://registry.npmjs.org/@eslint%2fjs cache-miss
49 http fetch GET 200 https://registry.npmjs.org/@eslint%2fjs 82ms (cache miss)
50 silly packumentCache full:https://registry.npmjs.org/@eslint%2fjs set size:undefined disposed:false
51 silly fetch manifest @types/node@^22.13.4
52 silly packumentCache full:https://registry.npmjs.org/@types%2fnode cache-miss
53 http fetch GET 200 https://registry.npmjs.org/@types%2fnode 289ms (cache miss)
54 silly packumentCache full:https://registry.npmjs.org/@types%2fnode set size:undefined disposed:false
55 silly fetch manifest @types/react@^18.3.18
56 silly packumentCache full:https://registry.npmjs.org/@types%2freact cache-miss
57 http fetch GET 200 https://registry.npmjs.org/@types%2freact 177ms (cache miss)
58 silly packumentCache full:https://registry.npmjs.org/@types%2freact set size:undefined disposed:false
59 silly fetch manifest @types/react-dom@^18.3.5
60 silly packumentCache full:https://registry.npmjs.org/@types%2freact-dom cache-miss
61 http fetch GET 200 https://registry.npmjs.org/@types%2freact-dom 88ms (cache miss)
62 silly packumentCache full:https://registry.npmjs.org/@types%2freact-dom set size:undefined disposed:false
63 silly fetch manifest @vitejs/plugin-react@^4.3.4
64 silly packumentCache full:https://registry.npmjs.org/@vitejs%2fplugin-react cache-miss
65 http fetch GET 200 https://registry.npmjs.org/@vitejs%2fplugin-react 86ms (cache miss)
66 silly packumentCache full:https://registry.npmjs.org/@vitejs%2fplugin-react set size:undefined disposed:false
67 silly fetch manifest autoprefixer@^10.4.20
68 silly packumentCache full:https://registry.npmjs.org/autoprefixer cache-miss
69 http fetch GET 200 https://registry.npmjs.org/autoprefixer 103ms (cache miss)
70 silly packumentCache full:https://registry.npmjs.org/autoprefixer set size:undefined disposed:false
71 silly fetch manifest eslint@^9.17.0
72 silly packumentCache full:https://registry.npmjs.org/eslint cache-miss
73 http fetch GET 200 https://registry.npmjs.org/eslint 116ms (cache miss)
74 silly packumentCache full:https://registry.npmjs.org/eslint set size:undefined disposed:false
75 silly fetch manifest eslint-plugin-react-hooks@^5.0.0
76 silly packumentCache full:https://registry.npmjs.org/eslint-plugin-react-hooks cache-miss
77 http fetch GET 200 https://registry.npmjs.org/eslint-plugin-react-hooks 257ms (cache miss)
78 silly packumentCache full:https://registry.npmjs.org/eslint-plugin-react-hooks set size:undefined disposed:false
79 silly fetch manifest eslint-plugin-react-refresh@^0.4.16
80 silly packumentCache full:https://registry.npmjs.org/eslint-plugin-react-refresh cache-miss
81 http fetch GET 200 https://registry.npmjs.org/eslint-plugin-react-refresh 64ms (cache miss)
82 silly packumentCache full:https://registry.npmjs.org/eslint-plugin-react-refresh set size:undefined disposed:false
83 silly fetch manifest globals@^15.14.0
84 silly packumentCache full:https://registry.npmjs.org/globals cache-miss
85 http fetch GET 200 https://registry.npmjs.org/globals 82ms (cache miss)
86 silly packumentCache full:https://registry.npmjs.org/globals set size:undefined disposed:false
87 silly fetch manifest postcss@^8.5.1
88 silly packumentCache full:https://registry.npmjs.org/postcss cache-miss
89 http fetch GET 200 https://registry.npmjs.org/postcss 104ms (cache miss)
90 silly packumentCache full:https://registry.npmjs.org/postcss set size:undefined disposed:false
91 silly fetch manifest tailwindcss@^4.0.6
92 silly packumentCache full:https://registry.npmjs.org/tailwindcss cache-miss
93 http fetch GET 200 https://registry.npmjs.org/tailwindcss 302ms (cache miss)
94 silly packumentCache full:https://registry.npmjs.org/tailwindcss set size:undefined disposed:false
95 silly fetch manifest typescript@~5.6.2
96 silly packumentCache full:https://registry.npmjs.org/typescript cache-miss
97 http fetch GET 200 https://registry.npmjs.org/typescript 362ms (cache miss)
98 silly packumentCache full:https://registry.npmjs.org/typescript set size:undefined disposed:false
99 silly fetch manifest typescript-eslint@^8.18.2
100 silly packumentCache full:https://registry.npmjs.org/typescript-eslint cache-miss
101 http fetch GET 200 https://registry.npmjs.org/typescript-eslint 197ms (cache miss)
102 silly packumentCache full:https://registry.npmjs.org/typescript-eslint set size:undefined disposed:false
103 silly fetch manifest vite@^6.0.5
104 silly packumentCache full:https://registry.npmjs.org/vite cache-miss
105 http fetch GET 200 https://registry.npmjs.org/vite 1562ms (cache miss)
106 silly packumentCache full:https://registry.npmjs.org/vite set size:undefined disposed:false
107 silly placeDep ROOT @eslint/js@9.39.5 OK for: frontend@0.0.0 want: ^9.17.0
108 silly placeDep ROOT @mahe-npm/common@1.1.2 OK for: frontend@0.0.0 want: ^1.0.2
109 silly placeDep ROOT @tailwindcss/vite@4.3.3 OK for: frontend@0.0.0 want: ^4.0.6
110 silly placeDep ROOT @types/node@22.20.1 OK for: frontend@0.0.0 want: ^22.13.4
111 silly placeDep ROOT @types/react@18.3.31 OK for: frontend@0.0.0 want: ^18.3.18
112 silly placeDep ROOT @types/react-dom@18.3.7 OK for: frontend@0.0.0 want: ^18.3.5
113 silly placeDep ROOT @vitejs/plugin-react@4.7.0 OK for: frontend@0.0.0 want: ^4.3.4
114 silly placeDep ROOT autoprefixer@10.5.4 OK for: frontend@0.0.0 want: ^10.4.20
115 silly placeDep ROOT axios@1.18.1 OK for: frontend@0.0.0 want: ^1.7.9
116 silly placeDep ROOT dotenv@16.6.1 OK for: frontend@0.0.0 want: ^16.4.7
117 silly placeDep ROOT eslint@9.39.5 OK for: frontend@0.0.0 want: ^9.17.0
118 silly placeDep ROOT eslint-plugin-react-hooks@5.2.0 OK for: frontend@0.0.0 want: ^5.0.0
119 silly placeDep ROOT eslint-plugin-react-refresh@0.4.26 OK for: frontend@0.0.0 want: ^0.4.16
120 silly placeDep ROOT globals@15.15.0 OK for: frontend@0.0.0 want: ^15.14.0
121 silly placeDep ROOT postcss@8.5.22 OK for: frontend@0.0.0 want: ^8.5.1
122 silly placeDep ROOT react@18.3.1 OK for: frontend@0.0.0 want: ^18.3.1
123 silly placeDep ROOT react-dom@18.3.1 OK for: frontend@0.0.0 want: ^18.3.1
124 silly placeDep ROOT react-router@7.18.1 OK for: frontend@0.0.0 want: ^7.1.5
125 silly placeDep ROOT react-toastify@11.1.0 OK for: frontend@0.0.0 want: ^11.0.5
126 silly placeDep ROOT tailwindcss@4.3.3 OK for: frontend@0.0.0 want: ^4.0.6
127 silly placeDep ROOT typescript@5.6.3 OK for: frontend@0.0.0 want: ~5.6.2
128 silly placeDep ROOT typescript-eslint@8.65.0 OK for: frontend@0.0.0 want: ^8.18.2
129 silly placeDep ROOT vite@6.4.3 OK for: frontend@0.0.0 want: ^6.0.5
130 silly fetch manifest zod@^3.24.2
131 silly packumentCache full:https://registry.npmjs.org/zod cache-miss
132 silly fetch manifest tailwindcss@4.3.3
133 silly packumentCache full:https://registry.npmjs.org/tailwindcss cache-miss
134 silly fetch manifest @tailwindcss/node@4.3.3
135 silly packumentCache full:https://registry.npmjs.org/@tailwindcss%2fnode cache-miss
136 silly fetch manifest @tailwindcss/oxide@4.3.3
137 silly packumentCache full:https://registry.npmjs.org/@tailwindcss%2foxide cache-miss
138 silly fetch manifest undici-types@~6.21.0
139 silly packumentCache full:https://registry.npmjs.org/undici-types cache-miss
140 silly fetch manifest csstype@^3.2.2
141 silly packumentCache full:https://registry.npmjs.org/csstype cache-miss
142 silly fetch manifest @types/prop-types@*
143 silly packumentCache full:https://registry.npmjs.org/@types%2fprop-types cache-miss
144 http cache https://registry.npmjs.org/tailwindcss 24ms (cache hit)
145 silly packumentCache full:https://registry.npmjs.org/tailwindcss set size:10778950 disposed:false
146 silly fetch manifest @babel/core@^7.28.0
147 silly packumentCache full:https://registry.npmjs.org/@babel%2fcore cache-miss
148 http fetch GET 200 https://registry.npmjs.org/undici-types 82ms (cache miss)
149 silly packumentCache full:https://registry.npmjs.org/undici-types set size:undefined disposed:false
150 silly fetch manifest react-refresh@^0.17.0
151 silly packumentCache full:https://registry.npmjs.org/react-refresh cache-miss
152 http fetch GET 200 https://registry.npmjs.org/csstype 97ms (cache miss)
153 silly packumentCache full:https://registry.npmjs.org/csstype set size:undefined disposed:false
154 silly fetch manifest @types/babel__core@^7.20.5
155 silly packumentCache full:https://registry.npmjs.org/@types%2fbabel__core cache-miss
156 http fetch GET 200 https://registry.npmjs.org/@types%2fprop-types 100ms (cache miss)
157 silly packumentCache full:https://registry.npmjs.org/@types%2fprop-types set size:undefined disposed:false
158 silly fetch manifest @rolldown/pluginutils@1.0.0-beta.27
159 silly packumentCache full:https://registry.npmjs.org/@rolldown%2fpluginutils cache-miss
160 http fetch GET 200 https://registry.npmjs.org/zod 160ms (cache miss)
161 silly packumentCache full:https://registry.npmjs.org/zod set size:undefined disposed:false
162 silly fetch manifest @babel/plugin-transform-react-jsx-self@^7.27.1
163 silly packumentCache full:https://registry.npmjs.org/@babel%2fplugin-transform-react-jsx-self cache-miss
164 http fetch GET 200 https://registry.npmjs.org/@types%2fbabel__core 78ms (cache miss)
165 silly packumentCache full:https://registry.npmjs.org/@types%2fbabel__core set size:undefined disposed:false
166 silly fetch manifest @babel/plugin-transform-react-jsx-source@^7.27.1
167 silly packumentCache full:https://registry.npmjs.org/@babel%2fplugin-transform-react-jsx-source cache-miss
168 http fetch GET 200 https://registry.npmjs.org/@babel%2fcore 125ms (cache miss)
169 silly packumentCache full:https://registry.npmjs.org/@babel%2fcore set size:undefined disposed:false
170 silly fetch manifest picocolors@^1.1.1
171 silly packumentCache full:https://registry.npmjs.org/picocolors cache-miss
172 http fetch GET 200 https://registry.npmjs.org/@rolldown%2fpluginutils 127ms (cache miss)
173 silly packumentCache full:https://registry.npmjs.org/@rolldown%2fpluginutils set size:undefined disposed:false
174 silly fetch manifest fraction.js@^5.3.4
175 silly packumentCache full:https://registry.npmjs.org/fraction.js cache-miss
176 http fetch GET 200 https://registry.npmjs.org/@babel%2fplugin-transform-react-jsx-self 130ms (cache miss)
177 silly packumentCache full:https://registry.npmjs.org/@babel%2fplugin-transform-react-jsx-self set size:undefined disposed:false
178 silly fetch manifest browserslist@^4.28.6
179 silly packumentCache full:https://registry.npmjs.org/browserslist cache-miss
180 http fetch GET 200 https://registry.npmjs.org/@babel%2fplugin-transform-react-jsx-source 133ms (cache miss)
181 silly packumentCache full:https://registry.npmjs.org/@babel%2fplugin-transform-react-jsx-source set size:undefined disposed:false
182 silly fetch manifest caniuse-lite@^1.0.30001806
183 silly packumentCache full:https://registry.npmjs.org/caniuse-lite cache-miss
184 http fetch GET 200 https://registry.npmjs.org/picocolors 162ms (cache miss)
185 silly packumentCache full:https://registry.npmjs.org/picocolors set size:undefined disposed:false
186 silly fetch manifest postcss-value-parser@^4.2.0
187 silly packumentCache full:https://registry.npmjs.org/postcss-value-parser cache-miss
188 http fetch GET 200 https://registry.npmjs.org/react-refresh 286ms (cache miss)
189 silly packumentCache full:https://registry.npmjs.org/react-refresh set size:undefined disposed:false
190 silly fetch manifest form-data@^4.0.5
191 silly packumentCache full:https://registry.npmjs.org/form-data cache-miss
192 http fetch GET 200 https://registry.npmjs.org/fraction.js 166ms (cache miss)
193 silly packumentCache full:https://registry.npmjs.org/fraction.js set size:undefined disposed:false
194 silly fetch manifest proxy-from-env@^2.1.0
195 silly packumentCache full:https://registry.npmjs.org/proxy-from-env cache-miss
196 http fetch GET 200 https://registry.npmjs.org/@tailwindcss%2fnode 415ms (cache miss)
197 silly packumentCache full:https://registry.npmjs.org/@tailwindcss%2fnode set size:undefined disposed:false
198 silly fetch manifest follow-redirects@^1.16.0
199 silly packumentCache full:https://registry.npmjs.org/follow-redirects cache-miss
200 http fetch GET 200 https://registry.npmjs.org/browserslist 196ms (cache miss)
201 silly packumentCache full:https://registry.npmjs.org/browserslist set size:undefined disposed:false
202 silly fetch manifest https-proxy-agent@^5.0.1
203 silly packumentCache full:https://registry.npmjs.org/https-proxy-agent cache-miss
204 http fetch GET 200 https://registry.npmjs.org/@tailwindcss%2foxide 696ms (cache miss)
205 silly packumentCache full:https://registry.npmjs.org/@tailwindcss%2foxide set size:undefined disposed:false
206 silly fetch manifest ajv@^6.14.0
207 silly packumentCache full:https://registry.npmjs.org/ajv cache-miss
208 http fetch GET 200 https://registry.npmjs.org/postcss-value-parser 396ms (cache miss)
209 silly packumentCache full:https://registry.npmjs.org/postcss-value-parser set size:undefined disposed:false
210 silly fetch manifest chalk@^4.0.0
211 silly packumentCache full:https://registry.npmjs.org/chalk cache-miss
212 http fetch GET 200 https://registry.npmjs.org/form-data 366ms (cache miss)
213 silly packumentCache full:https://registry.npmjs.org/form-data set size:undefined disposed:false
214 silly fetch manifest debug@^4.3.2
215 silly packumentCache full:https://registry.npmjs.org/debug cache-miss
216 http fetch GET 200 https://registry.npmjs.org/proxy-from-env 360ms (cache miss)
217 silly packumentCache full:https://registry.npmjs.org/proxy-from-env set size:undefined disposed:false
218 silly fetch manifest espree@^10.4.0
219 silly packumentCache full:https://registry.npmjs.org/espree cache-miss
220 http fetch GET 200 https://registry.npmjs.org/caniuse-lite 480ms (cache miss)
221 silly packumentCache full:https://registry.npmjs.org/caniuse-lite set size:undefined disposed:false
222 silly fetch manifest ignore@^5.2.0
223 silly packumentCache full:https://registry.npmjs.org/ignore cache-miss
224 http fetch GET 200 https://registry.npmjs.org/follow-redirects 378ms (cache miss)
225 silly packumentCache full:https://registry.npmjs.org/follow-redirects set size:undefined disposed:false
226 silly fetch manifest esquery@^1.5.0
227 silly packumentCache full:https://registry.npmjs.org/esquery cache-miss
228 http fetch GET 200 https://registry.npmjs.org/https-proxy-agent 365ms (cache miss)
229 silly packumentCache full:https://registry.npmjs.org/https-proxy-agent set size:undefined disposed:false
230 silly fetch manifest esutils@^2.0.2
231 silly packumentCache full:https://registry.npmjs.org/esutils cache-miss
232 http fetch GET 200 https://registry.npmjs.org/chalk 138ms (cache miss)
233 silly packumentCache full:https://registry.npmjs.org/chalk set size:undefined disposed:false
234 silly fetch manifest find-up@^5.0.0
235 silly packumentCache full:https://registry.npmjs.org/find-up cache-miss
236 http fetch GET 200 https://registry.npmjs.org/ajv 183ms (cache miss)
237 silly packumentCache full:https://registry.npmjs.org/ajv set size:undefined disposed:false
238 silly fetch manifest is-glob@^4.0.0
239 silly packumentCache full:https://registry.npmjs.org/is-glob cache-miss
240 http fetch GET 200 https://registry.npmjs.org/esquery 196ms (cache miss)
241 silly packumentCache full:https://registry.npmjs.org/esquery set size:undefined disposed:false
242 silly fetch manifest minimatch@^3.1.5
243 silly packumentCache full:https://registry.npmjs.org/minimatch cache-miss
244 http fetch GET 200 https://registry.npmjs.org/find-up 116ms (cache miss)
245 silly packumentCache full:https://registry.npmjs.org/find-up set size:undefined disposed:false
246 silly fetch manifest optionator@^0.9.3
247 silly packumentCache full:https://registry.npmjs.org/optionator cache-miss
248 http fetch GET 200 https://registry.npmjs.org/esutils 135ms (cache miss)
249 silly packumentCache full:https://registry.npmjs.org/esutils set size:undefined disposed:false
250 silly fetch manifest cross-spawn@^7.0.6
251 silly packumentCache full:https://registry.npmjs.org/cross-spawn cache-miss
252 http fetch GET 200 https://registry.npmjs.org/debug 248ms (cache miss)
253 silly packumentCache full:https://registry.npmjs.org/debug set size:undefined disposed:false
254 silly fetch manifest glob-parent@^6.0.2
255 silly packumentCache full:https://registry.npmjs.org/glob-parent cache-miss
256 http fetch GET 200 https://registry.npmjs.org/is-glob 107ms (cache miss)
257 silly packumentCache full:https://registry.npmjs.org/is-glob set size:undefined disposed:false
258 silly fetch manifest imurmurhash@^0.1.4
259 silly packumentCache full:https://registry.npmjs.org/imurmurhash cache-miss
260 http fetch GET 200 https://registry.npmjs.org/espree 253ms (cache miss)
261 silly packumentCache full:https://registry.npmjs.org/espree set size:undefined disposed:false
262 silly fetch manifest @eslint/core@^0.17.0
263 silly packumentCache full:https://registry.npmjs.org/@eslint%2fcore cache-miss
264 http fetch GET 200 https://registry.npmjs.org/ignore 228ms (cache miss)
265 silly packumentCache full:https://registry.npmjs.org/ignore set size:undefined disposed:false
266 silly fetch manifest eslint-scope@^8.4.0
267 silly packumentCache full:https://registry.npmjs.org/eslint-scope cache-miss
268 http fetch GET 200 https://registry.npmjs.org/optionator 69ms (cache miss)
269 silly packumentCache full:https://registry.npmjs.org/optionator set size:undefined disposed:false
270 silly fetch manifest lodash.merge@^4.6.2
271 silly packumentCache full:https://registry.npmjs.org/lodash.merge cache-miss
272 http fetch GET 200 https://registry.npmjs.org/glob-parent 63ms (cache miss)
273 silly packumentCache full:https://registry.npmjs.org/glob-parent set size:undefined disposed:false
274 silly fetch manifest @humanfs/node@^0.16.6
275 silly packumentCache full:https://registry.npmjs.org/@humanfs%2fnode cache-miss
276 http fetch GET 200 https://registry.npmjs.org/cross-spawn 73ms (cache miss)
277 silly packumentCache full:https://registry.npmjs.org/cross-spawn set size:undefined disposed:false
278 silly fetch manifest @types/estree@^1.0.6
279 silly packumentCache full:https://registry.npmjs.org/@types%2festree cache-miss
280 http fetch GET 200 https://registry.npmjs.org/imurmurhash 70ms (cache miss)
281 silly packumentCache full:https://registry.npmjs.org/imurmurhash set size:undefined disposed:false
282 silly fetch manifest fast-deep-equal@^3.1.3
283 silly packumentCache full:https://registry.npmjs.org/fast-deep-equal cache-miss
284 http fetch GET 200 https://registry.npmjs.org/minimatch 97ms (cache miss)
285 silly packumentCache full:https://registry.npmjs.org/minimatch set size:undefined disposed:false
286 silly fetch manifest natural-compare@^1.4.0
287 silly packumentCache full:https://registry.npmjs.org/natural-compare cache-miss
288 http fetch GET 200 https://registry.npmjs.org/eslint-scope 71ms (cache miss)
289 silly packumentCache full:https://registry.npmjs.org/eslint-scope set size:undefined disposed:false
290 silly fetch manifest @eslint/eslintrc@^3.3.6
291 silly packumentCache full:https://registry.npmjs.org/@eslint%2feslintrc cache-miss
292 http fetch GET 200 https://registry.npmjs.org/lodash.merge 59ms (cache miss)
293 silly packumentCache full:https://registry.npmjs.org/lodash.merge set size:undefined disposed:false
294 silly fetch manifest file-entry-cache@^8.0.0
295 silly packumentCache full:https://registry.npmjs.org/file-entry-cache cache-miss
296 http fetch GET 200 https://registry.npmjs.org/fast-deep-equal 60ms (cache miss)
297 silly packumentCache full:https://registry.npmjs.org/fast-deep-equal set size:undefined disposed:false
298 silly fetch manifest @eslint/plugin-kit@^0.4.1
299 silly packumentCache full:https://registry.npmjs.org/@eslint%2fplugin-kit cache-miss
300 http fetch GET 200 https://registry.npmjs.org/@humanfs%2fnode 81ms (cache miss)
301 silly packumentCache full:https://registry.npmjs.org/@humanfs%2fnode set size:undefined disposed:false
302 silly fetch manifest eslint-visitor-keys@^4.2.1
303 silly packumentCache full:https://registry.npmjs.org/eslint-visitor-keys cache-miss
304 http fetch GET 200 https://registry.npmjs.org/@types%2festree 76ms (cache miss)
305 silly packumentCache full:https://registry.npmjs.org/@types%2festree set size:undefined disposed:false
306 silly fetch manifest @eslint/config-array@^0.21.2
307 silly packumentCache full:https://registry.npmjs.org/@eslint%2fconfig-array cache-miss
308 http fetch GET 200 https://registry.npmjs.org/natural-compare 60ms (cache miss)
309 silly packumentCache full:https://registry.npmjs.org/natural-compare set size:undefined disposed:false
310 silly fetch manifest @humanwhocodes/retry@^0.4.2
311 silly packumentCache full:https://registry.npmjs.org/@humanwhocodes%2fretry cache-miss
312 http fetch GET 200 https://registry.npmjs.org/@eslint%2feslintrc 81ms (cache miss)
313 silly packumentCache full:https://registry.npmjs.org/@eslint%2feslintrc set size:undefined disposed:false
314 silly fetch manifest escape-string-regexp@^4.0.0
315 silly packumentCache full:https://registry.npmjs.org/escape-string-regexp cache-miss
316 http fetch GET 200 https://registry.npmjs.org/eslint-visitor-keys 73ms (cache miss)
317 silly packumentCache full:https://registry.npmjs.org/eslint-visitor-keys set size:undefined disposed:false
318 silly fetch manifest @eslint/config-helpers@^0.4.2
319 silly packumentCache full:https://registry.npmjs.org/@eslint%2fconfig-helpers cache-miss
320 http fetch GET 200 https://registry.npmjs.org/file-entry-cache 103ms (cache miss)
321 silly packumentCache full:https://registry.npmjs.org/file-entry-cache set size:undefined disposed:false
322 silly fetch manifest @eslint-community/regexpp@^4.12.1
323 silly packumentCache full:https://registry.npmjs.org/@eslint-community%2fregexpp cache-miss
324 http fetch GET 200 https://registry.npmjs.org/escape-string-regexp 70ms (cache miss)
325 silly packumentCache full:https://registry.npmjs.org/escape-string-regexp set size:undefined disposed:false
326 silly fetch manifest @eslint-community/eslint-utils@^4.8.0
327 silly packumentCache full:https://registry.npmjs.org/@eslint-community%2feslint-utils cache-miss
328 http fetch GET 200 https://registry.npmjs.org/@eslint%2fplugin-kit 113ms (cache miss)
329 silly packumentCache full:https://registry.npmjs.org/@eslint%2fplugin-kit set size:undefined disposed:false
330 silly fetch manifest @humanwhocodes/module-importer@^1.0.1
331 silly packumentCache full:https://registry.npmjs.org/@humanwhocodes%2fmodule-importer cache-miss
332 http fetch GET 200 https://registry.npmjs.org/@humanwhocodes%2fretry 102ms (cache miss)
333 silly packumentCache full:https://registry.npmjs.org/@humanwhocodes%2fretry set size:undefined disposed:false
334 silly fetch manifest json-stable-stringify-without-jsonify@^1.0.1
335 silly packumentCache full:https://registry.npmjs.org/json-stable-stringify-without-jsonify cache-miss
336 http fetch GET 200 https://registry.npmjs.org/@eslint%2fconfig-array 107ms (cache miss)
337 silly packumentCache full:https://registry.npmjs.org/@eslint%2fconfig-array set size:undefined disposed:false
338 silly fetch manifest nanoid@^3.3.16
339 silly packumentCache full:https://registry.npmjs.org/nanoid cache-miss
340 http fetch GET 200 https://registry.npmjs.org/@eslint%2fconfig-helpers 69ms (cache miss)
341 silly packumentCache full:https://registry.npmjs.org/@eslint%2fconfig-helpers set size:undefined disposed:false
342 silly fetch manifest source-map-js@^1.2.1
343 silly packumentCache full:https://registry.npmjs.org/source-map-js cache-miss
344 http fetch GET 200 https://registry.npmjs.org/@eslint-community%2fregexpp 81ms (cache miss)
345 silly packumentCache full:https://registry.npmjs.org/@eslint-community%2fregexpp set size:undefined disposed:false
346 silly fetch manifest loose-envify@^1.1.0
347 silly packumentCache full:https://registry.npmjs.org/loose-envify cache-miss
348 http fetch GET 200 https://registry.npmjs.org/json-stable-stringify-without-jsonify 57ms (cache miss)
349 silly packumentCache full:https://registry.npmjs.org/json-stable-stringify-without-jsonify set size:undefined disposed:false
350 silly fetch manifest scheduler@^0.23.2
351 silly packumentCache full:https://registry.npmjs.org/scheduler cache-miss
352 http fetch GET 200 https://registry.npmjs.org/nanoid 86ms (cache miss)
353 silly packumentCache full:https://registry.npmjs.org/nanoid set size:undefined disposed:false
354 silly fetch manifest loose-envify@^1.1.0
355 silly packumentCache full:https://registry.npmjs.org/loose-envify cache-miss
356 http fetch GET 200 https://registry.npmjs.org/@humanwhocodes%2fmodule-importer 98ms (cache miss)
357 silly packumentCache full:https://registry.npmjs.org/@humanwhocodes%2fmodule-importer set size:undefined disposed:false
358 silly fetch manifest cookie@^1.0.1
359 silly packumentCache full:https://registry.npmjs.org/cookie cache-miss
360 http fetch GET 200 https://registry.npmjs.org/@eslint-community%2feslint-utils 104ms (cache miss)
361 silly packumentCache full:https://registry.npmjs.org/@eslint-community%2feslint-utils set size:undefined disposed:false
362 silly fetch manifest set-cookie-parser@^2.6.0
363 silly packumentCache full:https://registry.npmjs.org/set-cookie-parser cache-miss
364 http fetch GET 200 https://registry.npmjs.org/source-map-js 60ms (cache miss)
365 silly packumentCache full:https://registry.npmjs.org/source-map-js set size:undefined disposed:false
366 silly fetch manifest clsx@^2.1.1
367 silly packumentCache full:https://registry.npmjs.org/clsx cache-miss
368 http fetch GET 200 https://registry.npmjs.org/loose-envify 79ms (cache miss)
369 silly packumentCache full:https://registry.npmjs.org/loose-envify set size:undefined disposed:false
370 silly fetch manifest @typescript-eslint/utils@8.65.0
371 silly packumentCache full:https://registry.npmjs.org/@typescript-eslint%2futils cache-miss
372 http fetch GET 200 https://registry.npmjs.org/loose-envify 56ms (cache miss)
373 silly packumentCache full:https://registry.npmjs.org/loose-envify set size:undefined disposed:false
374 silly fetch manifest @typescript-eslint/parser@8.65.0
375 silly packumentCache full:https://registry.npmjs.org/@typescript-eslint%2fparser cache-miss
376 http fetch GET 200 https://registry.npmjs.org/clsx 60ms (cache miss)
377 silly packumentCache full:https://registry.npmjs.org/clsx set size:undefined disposed:false
378 silly fetch manifest @typescript-eslint/eslint-plugin@8.65.0
379 silly packumentCache full:https://registry.npmjs.org/@typescript-eslint%2feslint-plugin cache-miss
380 http fetch GET 200 https://registry.npmjs.org/cookie 67ms (cache miss)
381 silly packumentCache full:https://registry.npmjs.org/cookie set size:undefined disposed:false
382 silly fetch manifest @typescript-eslint/typescript-estree@8.65.0
383 silly packumentCache full:https://registry.npmjs.org/@typescript-eslint%2ftypescript-estree cache-miss
384 http fetch GET 200 https://registry.npmjs.org/set-cookie-parser 71ms (cache miss)
385 silly packumentCache full:https://registry.npmjs.org/set-cookie-parser set size:undefined disposed:false
386 silly fetch manifest fdir@^6.4.4
387 silly packumentCache full:https://registry.npmjs.org/fdir cache-miss
388 http fetch GET 200 https://registry.npmjs.org/fdir 83ms (cache miss)
389 silly packumentCache full:https://registry.npmjs.org/fdir set size:undefined disposed:false
390 silly fetch manifest rollup@^4.34.9
391 silly packumentCache full:https://registry.npmjs.org/rollup cache-miss
392 http fetch GET 200 https://registry.npmjs.org/@eslint%2fcore 585ms (cache miss)
393 silly packumentCache full:https://registry.npmjs.org/@eslint%2fcore set size:undefined disposed:false
394 silly fetch manifest esbuild@^0.25.0
395 silly packumentCache full:https://registry.npmjs.org/esbuild cache-miss
396 http fetch GET 200 https://registry.npmjs.org/scheduler 653ms (cache miss)
397 silly packumentCache full:https://registry.npmjs.org/scheduler set size:undefined disposed:false
398 silly fetch manifest picomatch@^4.0.2
399 silly packumentCache full:https://registry.npmjs.org/picomatch cache-miss
400 http fetch GET 200 https://registry.npmjs.org/esbuild 599ms (cache miss)
401 silly packumentCache full:https://registry.npmjs.org/esbuild set size:undefined disposed:false
402 silly fetch manifest tinyglobby@^0.2.13
403 silly packumentCache full:https://registry.npmjs.org/tinyglobby cache-miss
404 http fetch GET 200 https://registry.npmjs.org/rollup 780ms (cache miss)
405 silly packumentCache full:https://registry.npmjs.org/rollup set size:undefined disposed:false
406 silly fetch manifest fsevents@~2.3.3
407 silly packumentCache full:https://registry.npmjs.org/fsevents cache-miss
408 http fetch GET 200 https://registry.npmjs.org/picomatch 313ms (cache miss)
409 silly packumentCache full:https://registry.npmjs.org/picomatch set size:undefined disposed:false
410 http fetch GET 200 https://registry.npmjs.org/tinyglobby 266ms (cache miss)
411 silly packumentCache full:https://registry.npmjs.org/tinyglobby set size:undefined disposed:false
412 http fetch GET 200 https://registry.npmjs.org/@typescript-eslint%2futils 1162ms (cache miss)
413 silly packumentCache full:https://registry.npmjs.org/@typescript-eslint%2futils set size:undefined disposed:false
414 http fetch GET 200 https://registry.npmjs.org/fsevents 292ms (cache miss)
415 silly packumentCache full:https://registry.npmjs.org/fsevents set size:undefined disposed:false
416 http fetch GET 200 https://registry.npmjs.org/@typescript-eslint%2fparser 1766ms (cache miss)
417 silly packumentCache full:https://registry.npmjs.org/@typescript-eslint%2fparser set size:undefined disposed:false
418 http fetch GET 200 https://registry.npmjs.org/@typescript-eslint%2feslint-plugin 1809ms (cache miss)
419 silly packumentCache full:https://registry.npmjs.org/@typescript-eslint%2feslint-plugin set size:undefined disposed:false
420 http fetch GET 200 https://registry.npmjs.org/@typescript-eslint%2ftypescript-estree 1870ms (cache miss)
421 silly packumentCache full:https://registry.npmjs.org/@typescript-eslint%2ftypescript-estree set size:undefined disposed:false
422 silly placeDep ROOT zod@3.25.76 OK for: @mahe-npm/common@1.1.2 want: ^3.24.2
423 silly placeDep ROOT @tailwindcss/node@4.3.3 OK for: @tailwindcss/vite@4.3.3 want: 4.3.3
424 silly placeDep ROOT @tailwindcss/oxide@4.3.3 OK for: @tailwindcss/vite@4.3.3 want: 4.3.3
425 silly fetch manifest jiti@^2.7.0
426 silly packumentCache full:https://registry.npmjs.org/jiti cache-miss
427 silly fetch manifest lightningcss@1.32.0
428 silly packumentCache full:https://registry.npmjs.org/lightningcss cache-miss
429 silly fetch manifest magic-string@^0.30.21
430 silly packumentCache full:https://registry.npmjs.org/magic-string cache-miss
431 silly fetch manifest enhanced-resolve@^5.24.1
432 silly packumentCache full:https://registry.npmjs.org/enhanced-resolve cache-miss
433 silly fetch manifest @jridgewell/remapping@^2.3.5
434 silly packumentCache full:https://registry.npmjs.org/@jridgewell%2fremapping cache-miss
435 silly fetch manifest @tailwindcss/oxide-darwin-x64@4.3.3
436 silly packumentCache full:https://registry.npmjs.org/@tailwindcss%2foxide-darwin-x64 cache-miss
437 silly fetch manifest @tailwindcss/oxide-freebsd-x64@4.3.3
438 silly packumentCache full:https://registry.npmjs.org/@tailwindcss%2foxide-freebsd-x64 cache-miss
439 http fetch GET 200 https://registry.npmjs.org/jiti 89ms (cache miss)
440 silly packumentCache full:https://registry.npmjs.org/jiti set size:undefined disposed:false
441 silly fetch manifest @tailwindcss/oxide-wasm32-wasi@4.3.3
442 silly packumentCache full:https://registry.npmjs.org/@tailwindcss%2foxide-wasm32-wasi cache-miss
443 http fetch GET 200 https://registry.npmjs.org/lightningcss 95ms (cache miss)
444 silly packumentCache full:https://registry.npmjs.org/lightningcss set size:undefined disposed:false
445 silly fetch manifest @tailwindcss/oxide-darwin-arm64@4.3.3
446 silly packumentCache full:https://registry.npmjs.org/@tailwindcss%2foxide-darwin-arm64 cache-miss
447 http fetch GET 200 https://registry.npmjs.org/magic-string 107ms (cache miss)
448 silly packumentCache full:https://registry.npmjs.org/magic-string set size:undefined disposed:false
449 silly fetch manifest @tailwindcss/oxide-android-arm64@4.3.3
450 silly packumentCache full:https://registry.npmjs.org/@tailwindcss%2foxide-android-arm64 cache-miss
451 http fetch GET 200 https://registry.npmjs.org/@jridgewell%2fremapping 110ms (cache miss)
452 silly packumentCache full:https://registry.npmjs.org/@jridgewell%2fremapping set size:undefined disposed:false
453 silly fetch manifest @tailwindcss/oxide-linux-x64-gnu@4.3.3
454 silly packumentCache full:https://registry.npmjs.org/@tailwindcss%2foxide-linux-x64-gnu cache-miss
455 http fetch GET 200 https://registry.npmjs.org/enhanced-resolve 111ms (cache miss)
456 silly packumentCache full:https://registry.npmjs.org/enhanced-resolve set size:undefined disposed:false
457 silly fetch manifest @tailwindcss/oxide-linux-x64-musl@4.3.3
458 silly packumentCache full:https://registry.npmjs.org/@tailwindcss%2foxide-linux-x64-musl cache-miss
459 http fetch GET 200 https://registry.npmjs.org/@tailwindcss%2foxide-android-arm64 209ms (cache miss)
460 silly packumentCache full:https://registry.npmjs.org/@tailwindcss%2foxide-android-arm64 set size:undefined disposed:false
461 silly fetch manifest @tailwindcss/oxide-win32-x64-msvc@4.3.3
462 silly packumentCache full:https://registry.npmjs.org/@tailwindcss%2foxide-win32-x64-msvc cache-miss
463 http fetch GET 200 https://registry.npmjs.org/@tailwindcss%2foxide-linux-x64-musl 335ms (cache miss)
464 silly packumentCache full:https://registry.npmjs.org/@tailwindcss%2foxide-linux-x64-musl set size:undefined disposed:false
465 silly fetch manifest @tailwindcss/oxide-linux-arm64-gnu@4.3.3
466 silly packumentCache full:https://registry.npmjs.org/@tailwindcss%2foxide-linux-arm64-gnu cache-miss
467 http fetch GET 200 https://registry.npmjs.org/@tailwindcss%2foxide-linux-x64-gnu 425ms (cache miss)
468 silly packumentCache full:https://registry.npmjs.org/@tailwindcss%2foxide-linux-x64-gnu set size:undefined disposed:false
469 silly fetch manifest @tailwindcss/oxide-linux-arm64-musl@4.3.3
470 silly packumentCache full:https://registry.npmjs.org/@tailwindcss%2foxide-linux-arm64-musl cache-miss
471 http fetch GET 200 https://registry.npmjs.org/@tailwindcss%2foxide-wasm32-wasi 551ms (cache miss)
472 silly packumentCache full:https://registry.npmjs.org/@tailwindcss%2foxide-wasm32-wasi set size:undefined disposed:false
473 silly fetch manifest @tailwindcss/oxide-win32-arm64-msvc@4.3.3
474 silly packumentCache full:https://registry.npmjs.org/@tailwindcss%2foxide-win32-arm64-msvc cache-miss
475 http fetch GET 200 https://registry.npmjs.org/@tailwindcss%2foxide-darwin-x64 650ms (cache miss)
476 silly packumentCache full:https://registry.npmjs.org/@tailwindcss%2foxide-darwin-x64 set size:undefined disposed:false
477 silly fetch manifest @tailwindcss/oxide-linux-arm-gnueabihf@4.3.3
478 silly packumentCache full:https://registry.npmjs.org/@tailwindcss%2foxide-linux-arm-gnueabihf cache-miss
479 http fetch GET 200 https://registry.npmjs.org/@tailwindcss%2foxide-freebsd-x64 673ms (cache miss)
480 silly packumentCache full:https://registry.npmjs.org/@tailwindcss%2foxide-freebsd-x64 set size:undefined disposed:false
481 http fetch GET 200 https://registry.npmjs.org/@tailwindcss%2foxide-darwin-arm64 619ms (cache miss)
482 silly packumentCache full:https://registry.npmjs.org/@tailwindcss%2foxide-darwin-arm64 set size:undefined disposed:false
483 http fetch GET 200 https://registry.npmjs.org/@tailwindcss%2foxide-win32-x64-msvc 400ms (cache miss)
484 silly packumentCache full:https://registry.npmjs.org/@tailwindcss%2foxide-win32-x64-msvc set size:undefined disposed:false
485 http fetch GET 200 https://registry.npmjs.org/@tailwindcss%2foxide-win32-arm64-msvc 169ms (cache miss)
486 silly packumentCache full:https://registry.npmjs.org/@tailwindcss%2foxide-win32-arm64-msvc set size:undefined disposed:false
487 http fetch GET 200 https://registry.npmjs.org/@tailwindcss%2foxide-linux-arm64-gnu 413ms (cache miss)
488 silly packumentCache full:https://registry.npmjs.org/@tailwindcss%2foxide-linux-arm64-gnu set size:undefined disposed:false
489 http fetch GET 200 https://registry.npmjs.org/@tailwindcss%2foxide-linux-arm64-musl 509ms (cache miss)
490 silly packumentCache full:https://registry.npmjs.org/@tailwindcss%2foxide-linux-arm64-musl set size:undefined disposed:false
491 http fetch GET 200 https://registry.npmjs.org/@tailwindcss%2foxide-linux-arm-gnueabihf 603ms (cache miss)
492 silly packumentCache full:https://registry.npmjs.org/@tailwindcss%2foxide-linux-arm-gnueabihf set size:undefined disposed:false
493 silly placeDep ROOT @jridgewell/remapping@2.3.5 OK for: @tailwindcss/node@4.3.3 want: ^2.3.5
494 silly placeDep ROOT enhanced-resolve@5.24.3 OK for: @tailwindcss/node@4.3.3 want: ^5.24.1
495 silly placeDep ROOT jiti@2.7.0 OK for: @tailwindcss/node@4.3.3 want: ^2.7.0
496 silly placeDep ROOT lightningcss@1.32.0 OK for: @tailwindcss/node@4.3.3 want: 1.32.0
497 silly placeDep ROOT magic-string@0.30.21 OK for: @tailwindcss/node@4.3.3 want: ^0.30.21
498 silly placeDep ROOT source-map-js@1.2.1 OK for: @tailwindcss/node@4.3.3 want: ^1.2.1
499 silly fetch manifest @jridgewell/gen-mapping@^0.3.5
500 silly packumentCache full:https://registry.npmjs.org/@jridgewell%2fgen-mapping cache-miss
501 silly fetch manifest @jridgewell/trace-mapping@^0.3.24
502 silly packumentCache full:https://registry.npmjs.org/@jridgewell%2ftrace-mapping cache-miss
503 silly fetch manifest graceful-fs@^4.2.4
504 silly packumentCache full:https://registry.npmjs.org/graceful-fs cache-miss
505 silly fetch manifest tapable@^2.3.3
506 silly packumentCache full:https://registry.npmjs.org/tapable cache-miss
507 silly fetch manifest detect-libc@^2.0.3
508 silly packumentCache full:https://registry.npmjs.org/detect-libc cache-miss
509 silly fetch manifest lightningcss-darwin-x64@1.32.0
510 silly packumentCache full:https://registry.npmjs.org/lightningcss-darwin-x64 cache-miss
511 silly fetch manifest lightningcss-freebsd-x64@1.32.0
512 silly packumentCache full:https://registry.npmjs.org/lightningcss-freebsd-x64 cache-miss
513 http fetch GET 200 https://registry.npmjs.org/lightningcss-darwin-x64 79ms (cache miss)
514 silly packumentCache full:https://registry.npmjs.org/lightningcss-darwin-x64 set size:undefined disposed:false
515 silly fetch manifest lightningcss-darwin-arm64@1.32.0
516 silly packumentCache full:https://registry.npmjs.org/lightningcss-darwin-arm64 cache-miss
517 http fetch GET 200 https://registry.npmjs.org/tapable 85ms (cache miss)
518 silly packumentCache full:https://registry.npmjs.org/tapable set size:undefined disposed:false
519 silly fetch manifest lightningcss-android-arm64@1.32.0
520 silly packumentCache full:https://registry.npmjs.org/lightningcss-android-arm64 cache-miss
521 http fetch GET 200 https://registry.npmjs.org/lightningcss-freebsd-x64 109ms (cache miss)
522 silly packumentCache full:https://registry.npmjs.org/lightningcss-freebsd-x64 set size:undefined disposed:false
523 silly fetch manifest lightningcss-linux-x64-gnu@1.32.0
524 silly packumentCache full:https://registry.npmjs.org/lightningcss-linux-x64-gnu cache-miss
525 http fetch GET 200 https://registry.npmjs.org/detect-libc 111ms (cache miss)
526 silly packumentCache full:https://registry.npmjs.org/detect-libc set size:undefined disposed:false
527 silly fetch manifest lightningcss-linux-x64-musl@1.32.0
528 silly packumentCache full:https://registry.npmjs.org/lightningcss-linux-x64-musl cache-miss
529 http fetch GET 200 https://registry.npmjs.org/graceful-fs 123ms (cache miss)
530 silly packumentCache full:https://registry.npmjs.org/graceful-fs set size:undefined disposed:false
531 silly fetch manifest lightningcss-win32-x64-msvc@1.32.0
532 silly packumentCache full:https://registry.npmjs.org/lightningcss-win32-x64-msvc cache-miss
533 http fetch GET 200 https://registry.npmjs.org/@jridgewell%2fgen-mapping 131ms (cache miss)
534 silly packumentCache full:https://registry.npmjs.org/@jridgewell%2fgen-mapping set size:undefined disposed:false
535 silly fetch manifest lightningcss-linux-arm64-gnu@1.32.0
536 silly packumentCache full:https://registry.npmjs.org/lightningcss-linux-arm64-gnu cache-miss
537 http fetch GET 200 https://registry.npmjs.org/@jridgewell%2ftrace-mapping 132ms (cache miss)
538 silly packumentCache full:https://registry.npmjs.org/@jridgewell%2ftrace-mapping set size:undefined disposed:false
539 silly fetch manifest lightningcss-linux-arm64-musl@1.32.0
540 silly packumentCache full:https://registry.npmjs.org/lightningcss-linux-arm64-musl cache-miss
541 http fetch GET 200 https://registry.npmjs.org/lightningcss-android-arm64 64ms (cache miss)
542 silly packumentCache full:https://registry.npmjs.org/lightningcss-android-arm64 set size:undefined disposed:false
543 silly fetch manifest lightningcss-win32-arm64-msvc@1.32.0
544 silly packumentCache full:https://registry.npmjs.org/lightningcss-win32-arm64-msvc cache-miss
545 http fetch GET 200 https://registry.npmjs.org/lightningcss-darwin-arm64 72ms (cache miss)
546 silly packumentCache full:https://registry.npmjs.org/lightningcss-darwin-arm64 set size:undefined disposed:false
547 silly fetch manifest lightningcss-linux-arm-gnueabihf@1.32.0
548 silly packumentCache full:https://registry.npmjs.org/lightningcss-linux-arm-gnueabihf cache-miss
549 http fetch GET 200 https://registry.npmjs.org/lightningcss-win32-x64-msvc 57ms (cache miss)
550 silly packumentCache full:https://registry.npmjs.org/lightningcss-win32-x64-msvc set size:undefined disposed:false
551 silly fetch manifest @jridgewell/sourcemap-codec@^1.5.5
552 silly packumentCache full:https://registry.npmjs.org/@jridgewell%2fsourcemap-codec cache-miss
553 http fetch GET 200 https://registry.npmjs.org/lightningcss-linux-x64-gnu 74ms (cache miss)
554 silly packumentCache full:https://registry.npmjs.org/lightningcss-linux-x64-gnu set size:undefined disposed:false
555 http fetch GET 200 https://registry.npmjs.org/lightningcss-linux-x64-musl 94ms (cache miss)
556 silly packumentCache full:https://registry.npmjs.org/lightningcss-linux-x64-musl set size:undefined disposed:false
557 http fetch GET 200 https://registry.npmjs.org/lightningcss-linux-arm64-gnu 76ms (cache miss)
558 silly packumentCache full:https://registry.npmjs.org/lightningcss-linux-arm64-gnu set size:undefined disposed:false
559 http fetch GET 200 https://registry.npmjs.org/lightningcss-linux-arm64-musl 75ms (cache miss)
560 silly packumentCache full:https://registry.npmjs.org/lightningcss-linux-arm64-musl set size:undefined disposed:false
561 http fetch GET 200 https://registry.npmjs.org/lightningcss-win32-arm64-msvc 63ms (cache miss)
562 silly packumentCache full:https://registry.npmjs.org/lightningcss-win32-arm64-msvc set size:undefined disposed:false
563 http fetch GET 200 https://registry.npmjs.org/lightningcss-linux-arm-gnueabihf 66ms (cache miss)
564 silly packumentCache full:https://registry.npmjs.org/lightningcss-linux-arm-gnueabihf set size:undefined disposed:false
565 http fetch GET 200 https://registry.npmjs.org/@jridgewell%2fsourcemap-codec 130ms (cache miss)
566 silly packumentCache full:https://registry.npmjs.org/@jridgewell%2fsourcemap-codec set size:undefined disposed:false
567 silly placeDep ROOT @jridgewell/gen-mapping@0.3.13 OK for: @jridgewell/remapping@2.3.5 want: ^0.3.5
568 silly placeDep ROOT @jridgewell/trace-mapping@0.3.31 OK for: @jridgewell/remapping@2.3.5 want: ^0.3.24
569 silly fetch manifest @jridgewell/sourcemap-codec@^1.5.0
570 silly packumentCache full:https://registry.npmjs.org/@jridgewell%2fsourcemap-codec cache-miss
571 silly fetch manifest @jridgewell/resolve-uri@^3.1.0
572 silly packumentCache full:https://registry.npmjs.org/@jridgewell%2fresolve-uri cache-miss
573 silly fetch manifest @jridgewell/sourcemap-codec@^1.4.14
574 silly packumentCache full:https://registry.npmjs.org/@jridgewell%2fsourcemap-codec cache-miss
575 http cache https://registry.npmjs.org/@jridgewell%2fsourcemap-codec 6ms (cache hit)
576 silly packumentCache full:https://registry.npmjs.org/@jridgewell%2fsourcemap-codec set size:51856 disposed:false
577 http cache https://registry.npmjs.org/@jridgewell%2fsourcemap-codec 7ms (cache hit)
578 silly packumentCache full:https://registry.npmjs.org/@jridgewell%2fsourcemap-codec set size:51856 disposed:false
579 silly packumentCache full:https://registry.npmjs.org/@jridgewell%2fsourcemap-codec dispose
580 http fetch GET 200 https://registry.npmjs.org/@jridgewell%2fresolve-uri 190ms (cache miss)
581 silly packumentCache full:https://registry.npmjs.org/@jridgewell%2fresolve-uri set size:undefined disposed:false
582 silly placeDep ROOT @jridgewell/sourcemap-codec@1.5.5 OK for: @jridgewell/gen-mapping@0.3.13 want: ^1.5.0
583 silly placeDep ROOT @jridgewell/resolve-uri@3.1.2 OK for: @jridgewell/trace-mapping@0.3.31 want: ^3.1.0
584 silly placeDep ROOT @tailwindcss/oxide-android-arm64@4.3.3 OK for: @tailwindcss/oxide@4.3.3 want: 4.3.3
585 silly placeDep ROOT @tailwindcss/oxide-darwin-arm64@4.3.3 OK for: @tailwindcss/oxide@4.3.3 want: 4.3.3
586 silly placeDep ROOT @tailwindcss/oxide-darwin-x64@4.3.3 OK for: @tailwindcss/oxide@4.3.3 want: 4.3.3
587 silly placeDep ROOT @tailwindcss/oxide-freebsd-x64@4.3.3 OK for: @tailwindcss/oxide@4.3.3 want: 4.3.3
588 silly placeDep ROOT @tailwindcss/oxide-linux-arm-gnueabihf@4.3.3 OK for: @tailwindcss/oxide@4.3.3 want: 4.3.3
589 silly placeDep ROOT @tailwindcss/oxide-linux-arm64-gnu@4.3.3 OK for: @tailwindcss/oxide@4.3.3 want: 4.3.3
590 silly placeDep ROOT @tailwindcss/oxide-linux-arm64-musl@4.3.3 OK for: @tailwindcss/oxide@4.3.3 want: 4.3.3
591 silly placeDep ROOT @tailwindcss/oxide-linux-x64-gnu@4.3.3 OK for: @tailwindcss/oxide@4.3.3 want: 4.3.3
592 silly placeDep ROOT @tailwindcss/oxide-linux-x64-musl@4.3.3 OK for: @tailwindcss/oxide@4.3.3 want: 4.3.3
593 silly placeDep ROOT @tailwindcss/oxide-wasm32-wasi@4.3.3 OK for: @tailwindcss/oxide@4.3.3 want: 4.3.3
594 silly placeDep ROOT @tailwindcss/oxide-win32-arm64-msvc@4.3.3 OK for: @tailwindcss/oxide@4.3.3 want: 4.3.3
595 silly placeDep ROOT @tailwindcss/oxide-win32-x64-msvc@4.3.3 OK for: @tailwindcss/oxide@4.3.3 want: 4.3.3
596 silly placeDep ROOT undici-types@6.21.0 OK for: @types/node@22.20.1 want: ~6.21.0
597 silly placeDep ROOT @types/prop-types@15.7.15 OK for: @types/react@18.3.31 want: *
598 silly placeDep ROOT csstype@3.2.3 OK for: @types/react@18.3.31 want: ^3.2.2
599 silly placeDep ROOT @babel/core@7.29.7 OK for: @vitejs/plugin-react@4.7.0 want: ^7.28.0
600 silly placeDep ROOT @babel/plugin-transform-react-jsx-self@7.29.7 OK for: @vitejs/plugin-react@4.7.0 want: ^7.27.1
601 silly placeDep ROOT @babel/plugin-transform-react-jsx-source@7.29.7 OK for: @vitejs/plugin-react@4.7.0 want: ^7.27.1
602 silly placeDep ROOT @rolldown/pluginutils@1.0.0-beta.27 OK for: @vitejs/plugin-react@4.7.0 want: 1.0.0-beta.27
603 silly placeDep ROOT @types/babel__core@7.20.5 OK for: @vitejs/plugin-react@4.7.0 want: ^7.20.5
604 silly placeDep ROOT react-refresh@0.17.0 OK for: @vitejs/plugin-react@4.7.0 want: ^0.17.0
605 silly fetch manifest debug@^4.1.0
606 silly packumentCache full:https://registry.npmjs.org/debug cache-miss
607 silly fetch manifest json5@^2.2.3
608 silly packumentCache full:https://registry.npmjs.org/json5 cache-miss
609 silly fetch manifest semver@^6.3.1
610 silly packumentCache full:https://registry.npmjs.org/semver cache-miss
611 silly fetch manifest gensync@^1.0.0-beta.2
612 silly packumentCache full:https://registry.npmjs.org/gensync cache-miss
613 silly fetch manifest @babel/types@^7.29.7
614 silly packumentCache full:https://registry.npmjs.org/@babel%2ftypes cache-miss
615 silly fetch manifest @babel/parser@^7.29.7
616 silly packumentCache full:https://registry.npmjs.org/@babel%2fparser cache-miss
617 silly fetch manifest @babel/helpers@^7.29.7
618 silly packumentCache full:https://registry.npmjs.org/@babel%2fhelpers cache-miss
619 http cache https://registry.npmjs.org/debug 6ms (cache hit)
620 silly packumentCache full:https://registry.npmjs.org/debug set size:195840 disposed:false
621 silly fetch manifest @babel/template@^7.29.7
622 silly packumentCache full:https://registry.npmjs.org/@babel%2ftemplate cache-miss
623 http fetch GET 200 https://registry.npmjs.org/json5 63ms (cache miss)
624 silly packumentCache full:https://registry.npmjs.org/json5 set size:undefined disposed:false
625 silly fetch manifest @babel/traverse@^7.29.7
626 silly packumentCache full:https://registry.npmjs.org/@babel%2ftraverse cache-miss
627 http fetch GET 200 https://registry.npmjs.org/gensync 70ms (cache miss)
628 silly packumentCache full:https://registry.npmjs.org/gensync set size:undefined disposed:false
629 silly fetch manifest @babel/generator@^7.29.7
630 silly packumentCache full:https://registry.npmjs.org/@babel%2fgenerator cache-miss
631 http fetch GET 200 https://registry.npmjs.org/semver 81ms (cache miss)
632 silly packumentCache full:https://registry.npmjs.org/semver set size:undefined disposed:false
633 silly fetch manifest @babel/code-frame@^7.29.7
634 silly packumentCache full:https://registry.npmjs.org/@babel%2fcode-frame cache-miss
635 http fetch GET 200 https://registry.npmjs.org/@babel%2ftemplate 92ms (cache miss)
636 silly packumentCache full:https://registry.npmjs.org/@babel%2ftemplate set size:undefined disposed:false
637 silly fetch manifest convert-source-map@^2.0.0
638 silly packumentCache full:https://registry.npmjs.org/convert-source-map cache-miss
639 http fetch GET 200 https://registry.npmjs.org/@babel%2ftypes 139ms (cache miss)
640 silly packumentCache full:https://registry.npmjs.org/@babel%2ftypes set size:undefined disposed:false
641 silly fetch manifest @babel/helper-module-transforms@^7.29.7
642 silly packumentCache full:https://registry.npmjs.org/@babel%2fhelper-module-transforms cache-miss
643 http fetch GET 200 https://registry.npmjs.org/@babel%2fhelpers 144ms (cache miss)
644 silly packumentCache full:https://registry.npmjs.org/@babel%2fhelpers set size:undefined disposed:false
645 silly fetch manifest @babel/helper-compilation-targets@^7.29.7
646 silly packumentCache full:https://registry.npmjs.org/@babel%2fhelper-compilation-targets cache-miss
647 http fetch GET 200 https://registry.npmjs.org/@babel%2fparser 149ms (cache miss)
648 silly packumentCache full:https://registry.npmjs.org/@babel%2fparser set size:undefined disposed:false
649 silly fetch manifest @babel/helper-plugin-utils@^7.29.7
650 silly packumentCache full:https://registry.npmjs.org/@babel%2fhelper-plugin-utils cache-miss
651 http fetch GET 200 https://registry.npmjs.org/@babel%2ftraverse 99ms (cache miss)
652 silly packumentCache full:https://registry.npmjs.org/@babel%2ftraverse set size:undefined disposed:false
653 silly fetch manifest @babel/helper-plugin-utils@^7.29.7
654 silly packumentCache full:https://registry.npmjs.org/@babel%2fhelper-plugin-utils cache-miss
655 http fetch GET 200 https://registry.npmjs.org/@babel%2fgenerator 108ms (cache miss)
656 silly packumentCache full:https://registry.npmjs.org/@babel%2fgenerator set size:undefined disposed:false
657 silly fetch manifest @babel/types@^7.20.7
658 silly packumentCache full:https://registry.npmjs.org/@babel%2ftypes cache-miss
659 http cache https://registry.npmjs.org/@babel%2ftypes 2ms (cache hit)
660 silly packumentCache full:https://registry.npmjs.org/@babel%2ftypes set size:500625 disposed:false
661 silly fetch manifest @babel/parser@^7.20.7
662 silly packumentCache full:https://registry.npmjs.org/@babel%2fparser cache-miss
663 http fetch GET 200 https://registry.npmjs.org/@babel%2fcode-frame 106ms (cache miss)
664 silly packumentCache full:https://registry.npmjs.org/@babel%2fcode-frame set size:undefined disposed:false
665 silly fetch manifest @types/babel__template@*
666 silly packumentCache full:https://registry.npmjs.org/@types%2fbabel__template cache-miss
667 http cache https://registry.npmjs.org/@babel%2fparser 5ms (cache hit)
668 silly packumentCache full:https://registry.npmjs.org/@babel%2fparser set size:735431 disposed:false
669 silly fetch manifest @types/babel__traverse@*
670 silly packumentCache full:https://registry.npmjs.org/@types%2fbabel__traverse cache-miss
671 http fetch GET 200 https://registry.npmjs.org/convert-source-map 96ms (cache miss)
672 silly packumentCache full:https://registry.npmjs.org/convert-source-map set size:undefined disposed:false
673 silly fetch manifest @types/babel__generator@*
674 silly packumentCache full:https://registry.npmjs.org/@types%2fbabel__generator cache-miss
675 http fetch GET 200 https://registry.npmjs.org/@babel%2fhelper-module-transforms 87ms (cache miss)
676 silly packumentCache full:https://registry.npmjs.org/@babel%2fhelper-module-transforms set size:undefined disposed:false
677 http fetch GET 200 https://registry.npmjs.org/@babel%2fhelper-compilation-targets 91ms (cache miss)
678 silly packumentCache full:https://registry.npmjs.org/@babel%2fhelper-compilation-targets set size:undefined disposed:false
679 http fetch GET 200 https://registry.npmjs.org/@babel%2fhelper-plugin-utils 90ms (cache miss)
680 silly packumentCache full:https://registry.npmjs.org/@babel%2fhelper-plugin-utils set size:undefined disposed:false
681 http fetch GET 200 https://registry.npmjs.org/@babel%2fhelper-plugin-utils 87ms (cache miss)
682 silly packumentCache full:https://registry.npmjs.org/@babel%2fhelper-plugin-utils set size:undefined disposed:false
683 http fetch GET 200 https://registry.npmjs.org/@types%2fbabel__template 80ms (cache miss)
684 silly packumentCache full:https://registry.npmjs.org/@types%2fbabel__template set size:undefined disposed:false
685 http fetch GET 200 https://registry.npmjs.org/@types%2fbabel__generator 76ms (cache miss)
686 silly packumentCache full:https://registry.npmjs.org/@types%2fbabel__generator set size:undefined disposed:false
687 http fetch GET 200 https://registry.npmjs.org/@types%2fbabel__traverse 83ms (cache miss)
688 silly packumentCache full:https://registry.npmjs.org/@types%2fbabel__traverse set size:undefined disposed:false
689 silly placeDep ROOT @babel/code-frame@7.29.7 OK for: @babel/core@7.29.7 want: ^7.29.7
690 silly placeDep ROOT @babel/generator@7.29.7 OK for: @babel/core@7.29.7 want: ^7.29.7
691 silly placeDep ROOT @babel/helper-compilation-targets@7.29.7 OK for: @babel/core@7.29.7 want: ^7.29.7
692 silly placeDep ROOT @babel/helper-module-transforms@7.29.7 OK for: @babel/core@7.29.7 want: ^7.29.7
693 silly placeDep ROOT @babel/helpers@7.29.7 OK for: @babel/core@7.29.7 want: ^7.29.7
694 silly placeDep ROOT @babel/parser@7.29.7 OK for: @babel/core@7.29.7 want: ^7.29.7
695 silly placeDep ROOT @babel/template@7.29.7 OK for: @babel/core@7.29.7 want: ^7.29.7
696 silly placeDep ROOT @babel/traverse@7.29.7 OK for: @babel/core@7.29.7 want: ^7.29.7
697 silly placeDep ROOT @babel/types@7.29.7 OK for: @babel/core@7.29.7 want: ^7.29.7
698 silly placeDep ROOT convert-source-map@2.0.0 OK for: @babel/core@7.29.7 want: ^2.0.0
699 silly placeDep ROOT debug@4.4.3 OK for: @babel/core@7.29.7 want: ^4.1.0
700 silly placeDep ROOT gensync@1.0.0-beta.2 OK for: @babel/core@7.29.7 want: ^1.0.0-beta.2
701 silly placeDep ROOT json5@2.2.3 OK for: @babel/core@7.29.7 want: ^2.2.3
702 silly placeDep ROOT semver@6.3.1 OK for: @babel/core@7.29.7 want: ^6.3.1
703 silly fetch manifest js-tokens@^4.0.0
704 silly packumentCache full:https://registry.npmjs.org/js-tokens cache-miss
705 silly fetch manifest @babel/helper-validator-identifier@^7.29.7
706 silly packumentCache full:https://registry.npmjs.org/@babel%2fhelper-validator-identifier cache-miss
707 silly fetch manifest jsesc@^3.0.2
708 silly packumentCache full:https://registry.npmjs.org/jsesc cache-miss
709 silly fetch manifest lru-cache@^5.1.1
710 silly packumentCache full:https://registry.npmjs.org/lru-cache cache-miss
711 silly fetch manifest browserslist@^4.24.0
712 silly packumentCache full:https://registry.npmjs.org/browserslist cache-miss
713 silly fetch manifest @babel/compat-data@^7.29.7
714 silly packumentCache full:https://registry.npmjs.org/@babel%2fcompat-data cache-miss
715 silly fetch manifest @babel/helper-validator-option@^7.29.7
716 silly packumentCache full:https://registry.npmjs.org/@babel%2fhelper-validator-option cache-miss
717 http cache https://registry.npmjs.org/browserslist 4ms (cache hit)
718 silly packumentCache full:https://registry.npmjs.org/browserslist set size:516369 disposed:false
719 silly fetch manifest @babel/helper-module-imports@^7.29.7
720 silly packumentCache full:https://registry.npmjs.org/@babel%2fhelper-module-imports cache-miss
721 http fetch GET 200 https://registry.npmjs.org/js-tokens 64ms (cache miss)
722 silly packumentCache full:https://registry.npmjs.org/js-tokens set size:undefined disposed:false
723 silly fetch manifest @babel/helper-validator-identifier@^7.29.7
724 silly packumentCache full:https://registry.npmjs.org/@babel%2fhelper-validator-identifier cache-miss
725 http fetch GET 200 https://registry.npmjs.org/jsesc 70ms (cache miss)
726 silly packumentCache full:https://registry.npmjs.org/jsesc set size:undefined disposed:false
727 silly fetch manifest debug@^4.3.1
728 silly packumentCache full:https://registry.npmjs.org/debug cache-hit
729 silly fetch manifest @babel/helper-globals@^7.29.7
730 silly packumentCache full:https://registry.npmjs.org/@babel%2fhelper-globals cache-miss
731 http fetch GET 200 https://registry.npmjs.org/@babel%2fhelper-validator-option 74ms (cache miss)
732 silly packumentCache full:https://registry.npmjs.org/@babel%2fhelper-validator-option set size:undefined disposed:false
733 silly fetch manifest @babel/helper-string-parser@^7.29.7
734 silly packumentCache full:https://registry.npmjs.org/@babel%2fhelper-string-parser cache-miss
735 http fetch GET 200 https://registry.npmjs.org/@babel%2fhelper-module-imports 97ms (cache miss)
736 silly packumentCache full:https://registry.npmjs.org/@babel%2fhelper-module-imports set size:undefined disposed:false
737 silly fetch manifest @babel/helper-validator-identifier@^7.29.7
738 silly packumentCache full:https://registry.npmjs.org/@babel%2fhelper-validator-identifier cache-miss
739 http fetch GET 200 https://registry.npmjs.org/lru-cache 105ms (cache miss)
740 silly packumentCache full:https://registry.npmjs.org/lru-cache set size:undefined disposed:false
741 silly fetch manifest ms@^2.1.3
742 silly packumentCache full:https://registry.npmjs.org/ms cache-miss
743 http fetch GET 200 https://registry.npmjs.org/@babel%2fcompat-data 110ms (cache miss)
744 silly packumentCache full:https://registry.npmjs.org/@babel%2fcompat-data set size:undefined disposed:false
745 http fetch GET 200 https://registry.npmjs.org/@babel%2fhelper-globals 60ms (cache miss)
746 silly packumentCache full:https://registry.npmjs.org/@babel%2fhelper-globals set size:undefined disposed:false
747 http fetch GET 200 https://registry.npmjs.org/@babel%2fhelper-string-parser 78ms (cache miss)
748 silly packumentCache full:https://registry.npmjs.org/@babel%2fhelper-string-parser set size:undefined disposed:false
749 http fetch GET 200 https://registry.npmjs.org/ms 76ms (cache miss)
750 silly packumentCache full:https://registry.npmjs.org/ms set size:undefined disposed:false
751 http fetch GET 200 https://registry.npmjs.org/@babel%2fhelper-validator-identifier 309ms (cache miss)
752 silly packumentCache full:https://registry.npmjs.org/@babel%2fhelper-validator-identifier set size:undefined disposed:false
753 http fetch GET 200 https://registry.npmjs.org/@babel%2fhelper-validator-identifier 212ms (cache miss)
754 silly packumentCache full:https://registry.npmjs.org/@babel%2fhelper-validator-identifier set size:undefined disposed:false
755 http fetch GET 200 https://registry.npmjs.org/@babel%2fhelper-validator-identifier 255ms (cache miss)
756 silly packumentCache full:https://registry.npmjs.org/@babel%2fhelper-validator-identifier set size:undefined disposed:false
757 silly placeDep ROOT @babel/helper-validator-identifier@7.29.7 OK for: @babel/code-frame@7.29.7 want: ^7.29.7
758 silly placeDep ROOT js-tokens@4.0.0 OK for: @babel/code-frame@7.29.7 want: ^4.0.0
759 silly placeDep ROOT picocolors@1.1.1 OK for: @babel/code-frame@7.29.7 want: ^1.1.1
760 silly placeDep ROOT jsesc@3.1.0 OK for: @babel/generator@7.29.7 want: ^3.0.2
761 silly placeDep ROOT @babel/compat-data@7.29.7 OK for: @babel/helper-compilation-targets@7.29.7 want: ^7.29.7
762 silly placeDep ROOT @babel/helper-validator-option@7.29.7 OK for: @babel/helper-compilation-targets@7.29.7 want: ^7.29.7
763 silly placeDep ROOT browserslist@4.28.7 OK for: @babel/helper-compilation-targets@7.29.7 want: ^4.24.0
764 silly placeDep ROOT lru-cache@5.1.1 OK for: @babel/helper-compilation-targets@7.29.7 want: ^5.1.1
765 silly fetch manifest node-releases@^2.0.51
766 silly packumentCache full:https://registry.npmjs.org/node-releases cache-miss
767 silly fetch manifest electron-to-chromium@^1.5.393
768 silly packumentCache full:https://registry.npmjs.org/electron-to-chromium cache-miss
769 silly fetch manifest update-browserslist-db@^1.2.3
770 silly packumentCache full:https://registry.npmjs.org/update-browserslist-db cache-miss
771 silly fetch manifest baseline-browser-mapping@^2.10.44
772 silly packumentCache full:https://registry.npmjs.org/baseline-browser-mapping cache-miss
773 silly fetch manifest yallist@^3.0.2
774 silly packumentCache full:https://registry.npmjs.org/yallist cache-miss
775 http fetch GET 200 https://registry.npmjs.org/yallist 58ms (cache miss)
776 silly packumentCache full:https://registry.npmjs.org/yallist set size:undefined disposed:false
777 http fetch GET 200 https://registry.npmjs.org/update-browserslist-db 60ms (cache miss)
778 silly packumentCache full:https://registry.npmjs.org/update-browserslist-db set size:undefined disposed:false
779 http fetch GET 200 https://registry.npmjs.org/baseline-browser-mapping 83ms (cache miss)
780 silly packumentCache full:https://registry.npmjs.org/baseline-browser-mapping set size:undefined disposed:false
781 http fetch GET 200 https://registry.npmjs.org/electron-to-chromium 268ms (cache miss)
782 silly packumentCache full:https://registry.npmjs.org/electron-to-chromium set size:undefined disposed:false
783 http fetch GET 200 https://registry.npmjs.org/node-releases 335ms (cache miss)
784 silly packumentCache full:https://registry.npmjs.org/node-releases set size:undefined disposed:false
785 silly placeDep ROOT @babel/helper-module-imports@7.29.7 OK for: @babel/helper-module-transforms@7.29.7 want: ^7.29.7
786 silly placeDep ROOT @babel/helper-plugin-utils@7.29.7 OK for: @babel/plugin-transform-react-jsx-self@7.29.7 want: ^7.29.7
787 silly placeDep ROOT @babel/helper-globals@7.29.7 OK for: @babel/traverse@7.29.7 want: ^7.29.7
788 silly placeDep ROOT @babel/helper-string-parser@7.29.7 OK for: @babel/types@7.29.7 want: ^7.29.7
789 silly placeDep ROOT @types/babel__generator@7.27.0 OK for: @types/babel__core@7.20.5 want: *
790 silly placeDep ROOT @types/babel__template@7.4.4 OK for: @types/babel__core@7.20.5 want: *
791 silly placeDep ROOT @types/babel__traverse@7.28.0 OK for: @types/babel__core@7.20.5 want: *
792 silly placeDep ROOT caniuse-lite@1.0.30001806 OK for: autoprefixer@10.5.4 want: ^1.0.30001806
793 silly placeDep ROOT fraction.js@5.3.4 OK for: autoprefixer@10.5.4 want: ^5.3.4
794 silly placeDep ROOT postcss-value-parser@4.2.0 OK for: autoprefixer@10.5.4 want: ^4.2.0
795 silly placeDep ROOT follow-redirects@1.16.0 OK for: axios@1.18.1 want: ^1.16.0
796 silly placeDep ROOT form-data@4.0.6 OK for: axios@1.18.1 want: ^4.0.5
797 silly placeDep ROOT https-proxy-agent@5.0.1 OK for: axios@1.18.1 want: ^5.0.1
798 silly placeDep ROOT proxy-from-env@2.1.0 OK for: axios@1.18.1 want: ^2.1.0
799 silly fetch manifest hasown@^2.0.4
800 silly packumentCache full:https://registry.npmjs.org/hasown cache-miss
801 silly fetch manifest asynckit@^0.4.0
802 silly packumentCache full:https://registry.npmjs.org/asynckit cache-miss
803 silly fetch manifest mime-types@^2.1.35
804 silly packumentCache full:https://registry.npmjs.org/mime-types cache-miss
805 silly fetch manifest combined-stream@^1.0.8
806 silly packumentCache full:https://registry.npmjs.org/combined-stream cache-miss
807 silly fetch manifest es-set-tostringtag@^2.1.0
808 silly packumentCache full:https://registry.npmjs.org/es-set-tostringtag cache-miss
809 silly fetch manifest agent-base@6
810 silly packumentCache full:https://registry.npmjs.org/agent-base cache-miss
811 http fetch GET 200 https://registry.npmjs.org/hasown 224ms (cache miss)
812 silly packumentCache full:https://registry.npmjs.org/hasown set size:undefined disposed:false
813 http fetch GET 200 https://registry.npmjs.org/combined-stream 242ms (cache miss)
814 silly packumentCache full:https://registry.npmjs.org/combined-stream set size:undefined disposed:false
815 http fetch GET 200 https://registry.npmjs.org/asynckit 243ms (cache miss)
816 silly packumentCache full:https://registry.npmjs.org/asynckit set size:undefined disposed:false
817 http fetch GET 200 https://registry.npmjs.org/es-set-tostringtag 243ms (cache miss)
818 silly packumentCache full:https://registry.npmjs.org/es-set-tostringtag set size:undefined disposed:false
819 http fetch GET 200 https://registry.npmjs.org/mime-types 249ms (cache miss)
820 silly packumentCache full:https://registry.npmjs.org/mime-types set size:undefined disposed:false
821 http fetch GET 200 https://registry.npmjs.org/agent-base 250ms (cache miss)
822 silly packumentCache full:https://registry.npmjs.org/agent-base set size:undefined disposed:false
823 silly placeDep ROOT baseline-browser-mapping@2.11.1 OK for: browserslist@4.28.7 want: ^2.10.44
824 silly placeDep ROOT electron-to-chromium@1.5.395 OK for: browserslist@4.28.7 want: ^1.5.393
825 silly placeDep ROOT node-releases@2.0.51 OK for: browserslist@4.28.7 want: ^2.0.51
826 silly placeDep ROOT update-browserslist-db@1.2.3 OK for: browserslist@4.28.7 want: ^1.2.3
827 silly fetch manifest escalade@^3.2.0
828 silly packumentCache full:https://registry.npmjs.org/escalade cache-miss
829 http fetch GET 200 https://registry.npmjs.org/escalade 61ms (cache miss)
830 silly packumentCache full:https://registry.npmjs.org/escalade set size:undefined disposed:false
831 silly placeDep ROOT ms@2.1.3 OK for: debug@4.4.3 want: ^2.1.3
832 silly placeDep ROOT graceful-fs@4.2.11 OK for: enhanced-resolve@5.24.3 want: ^4.2.4
833 silly placeDep ROOT tapable@2.3.3 OK for: enhanced-resolve@5.24.3 want: ^2.3.3
834 silly placeDep ROOT @eslint-community/eslint-utils@4.10.1 OK for: eslint@9.39.5 want: ^4.8.0
835 silly placeDep ROOT @eslint-community/regexpp@4.12.2 OK for: eslint@9.39.5 want: ^4.12.1
836 silly placeDep ROOT @eslint/config-array@0.21.2 OK for: eslint@9.39.5 want: ^0.21.2
837 silly placeDep ROOT @eslint/config-helpers@0.4.2 OK for: eslint@9.39.5 want: ^0.4.2
838 silly placeDep ROOT @eslint/core@0.17.0 OK for: eslint@9.39.5 want: ^0.17.0
839 silly placeDep ROOT @eslint/eslintrc@3.3.6 OK for: eslint@9.39.5 want: ^3.3.6
840 silly placeDep ROOT @eslint/plugin-kit@0.4.1 OK for: eslint@9.39.5 want: ^0.4.1
841 silly placeDep ROOT @humanfs/node@0.16.8 OK for: eslint@9.39.5 want: ^0.16.6
842 silly placeDep ROOT @humanwhocodes/module-importer@1.0.1 OK for: eslint@9.39.5 want: ^1.0.1
843 silly placeDep ROOT @humanwhocodes/retry@0.4.3 OK for: eslint@9.39.5 want: ^0.4.2
844 silly placeDep ROOT @types/estree@1.0.9 OK for: eslint@9.39.5 want: ^1.0.6
845 silly placeDep ROOT ajv@6.15.0 OK for: eslint@9.39.5 want: ^6.14.0
846 silly placeDep ROOT chalk@4.1.2 OK for: eslint@9.39.5 want: ^4.0.0
847 silly placeDep ROOT cross-spawn@7.0.6 OK for: eslint@9.39.5 want: ^7.0.6
848 silly placeDep ROOT escape-string-regexp@4.0.0 OK for: eslint@9.39.5 want: ^4.0.0
849 silly placeDep ROOT eslint-scope@8.4.0 OK for: eslint@9.39.5 want: ^8.4.0
850 silly placeDep ROOT eslint-visitor-keys@4.2.1 OK for: eslint@9.39.5 want: ^4.2.1
851 silly placeDep ROOT espree@10.4.0 OK for: eslint@9.39.5 want: ^10.4.0
852 silly placeDep ROOT esquery@1.7.0 OK for: eslint@9.39.5 want: ^1.5.0
853 silly placeDep ROOT esutils@2.0.3 OK for: eslint@9.39.5 want: ^2.0.2
854 silly placeDep ROOT fast-deep-equal@3.1.3 OK for: eslint@9.39.5 want: ^3.1.3
855 silly placeDep ROOT file-entry-cache@8.0.0 OK for: eslint@9.39.5 want: ^8.0.0
856 silly placeDep ROOT find-up@5.0.0 OK for: eslint@9.39.5 want: ^5.0.0
857 silly placeDep ROOT glob-parent@6.0.2 OK for: eslint@9.39.5 want: ^6.0.2
858 silly placeDep ROOT ignore@5.3.2 OK for: eslint@9.39.5 want: ^5.2.0
859 silly placeDep ROOT imurmurhash@0.1.4 OK for: eslint@9.39.5 want: ^0.1.4
860 silly placeDep ROOT is-glob@4.0.3 OK for: eslint@9.39.5 want: ^4.0.0
861 silly placeDep ROOT json-stable-stringify-without-jsonify@1.0.1 OK for: eslint@9.39.5 want: ^1.0.1
862 silly placeDep ROOT lodash.merge@4.6.2 OK for: eslint@9.39.5 want: ^4.6.2
863 silly placeDep ROOT minimatch@3.1.5 OK for: eslint@9.39.5 want: ^3.1.5
864 silly placeDep ROOT natural-compare@1.4.0 OK for: eslint@9.39.5 want: ^1.4.0
865 silly placeDep ROOT optionator@0.9.4 OK for: eslint@9.39.5 want: ^0.9.3
866 silly fetch manifest eslint-visitor-keys@^3.4.3
867 silly packumentCache full:https://registry.npmjs.org/eslint-visitor-keys cache-miss
868 silly fetch manifest @eslint/object-schema@^2.1.7
869 silly packumentCache full:https://registry.npmjs.org/@eslint%2fobject-schema cache-miss
870 silly fetch manifest @types/json-schema@^7.0.15
871 silly packumentCache full:https://registry.npmjs.org/@types%2fjson-schema cache-miss
872 silly fetch manifest espree@^10.0.1
873 silly packumentCache full:https://registry.npmjs.org/espree cache-miss
874 silly fetch manifest globals@^14.0.0
875 silly packumentCache full:https://registry.npmjs.org/globals cache-miss
876 silly fetch manifest import-fresh@^3.2.1
877 silly packumentCache full:https://registry.npmjs.org/import-fresh cache-miss
878 silly fetch manifest js-yaml@^4.3.0
879 silly packumentCache full:https://registry.npmjs.org/js-yaml cache-miss
880 http cache https://registry.npmjs.org/eslint-visitor-keys 5ms (cache hit)
881 silly packumentCache full:https://registry.npmjs.org/eslint-visitor-keys set size:69949 disposed:false
882 silly fetch manifest strip-json-comments@^3.1.1
883 silly packumentCache full:https://registry.npmjs.org/strip-json-comments cache-miss
884 http cache https://registry.npmjs.org/espree 6ms (cache hit)
885 silly packumentCache full:https://registry.npmjs.org/espree set size:326080 disposed:false
886 silly fetch manifest levn@^0.4.1
887 silly packumentCache full:https://registry.npmjs.org/levn cache-miss
888 http cache https://registry.npmjs.org/globals 7ms (cache hit)
889 silly packumentCache full:https://registry.npmjs.org/globals set size:319673 disposed:false
890 silly fetch manifest @humanwhocodes/retry@^0.4.0
891 silly packumentCache full:https://registry.npmjs.org/@humanwhocodes%2fretry cache-miss
892 http cache https://registry.npmjs.org/@humanwhocodes%2fretry 2ms (cache hit)
893 silly packumentCache full:https://registry.npmjs.org/@humanwhocodes%2fretry set size:42348 disposed:false
894 silly fetch manifest @humanfs/core@^0.19.2
895 silly packumentCache full:https://registry.npmjs.org/@humanfs%2fcore cache-miss
896 http fetch GET 200 https://registry.npmjs.org/import-fresh 64ms (cache miss)
897 silly packumentCache full:https://registry.npmjs.org/import-fresh set size:undefined disposed:false
898 silly fetch manifest @humanfs/types@^0.15.0
899 silly packumentCache full:https://registry.npmjs.org/@humanfs%2ftypes cache-miss
900 http fetch GET 200 https://registry.npmjs.org/strip-json-comments 70ms (cache miss)
901 silly packumentCache full:https://registry.npmjs.org/strip-json-comments set size:undefined disposed:false
902 silly fetch manifest uri-js@^4.2.2
903 silly packumentCache full:https://registry.npmjs.org/uri-js cache-miss
904 http fetch GET 200 https://registry.npmjs.org/levn 70ms (cache miss)
905 silly packumentCache full:https://registry.npmjs.org/levn set size:undefined disposed:false
906 silly fetch manifest fast-deep-equal@^3.1.1
907 silly packumentCache full:https://registry.npmjs.org/fast-deep-equal cache-miss
908 http cache https://registry.npmjs.org/fast-deep-equal 4ms (cache hit)
909 silly packumentCache full:https://registry.npmjs.org/fast-deep-equal set size:48634 disposed:false
910 silly fetch manifest json-schema-traverse@^0.4.1
911 silly packumentCache full:https://registry.npmjs.org/json-schema-traverse cache-miss
912 http fetch GET 200 https://registry.npmjs.org/js-yaml 82ms (cache miss)
913 silly packumentCache full:https://registry.npmjs.org/js-yaml set size:undefined disposed:false
914 silly fetch manifest fast-json-stable-stringify@^2.0.0
915 silly packumentCache full:https://registry.npmjs.org/fast-json-stable-stringify cache-miss
916 http fetch GET 200 https://registry.npmjs.org/@types%2fjson-schema 85ms (cache miss)
917 silly packumentCache full:https://registry.npmjs.org/@types%2fjson-schema set size:undefined disposed:false
918 silly fetch manifest ansi-styles@^4.1.0
919 silly packumentCache full:https://registry.npmjs.org/ansi-styles cache-miss
920 http fetch GET 200 https://registry.npmjs.org/@eslint%2fobject-schema 87ms (cache miss)
921 silly packumentCache full:https://registry.npmjs.org/@eslint%2fobject-schema set size:undefined disposed:false
922 silly fetch manifest supports-color@^7.1.0
923 silly packumentCache full:https://registry.npmjs.org/supports-color cache-miss
924 http fetch GET 200 https://registry.npmjs.org/@humanfs%2fcore 78ms (cache miss)
925 silly packumentCache full:https://registry.npmjs.org/@humanfs%2fcore set size:undefined disposed:false
926 silly fetch manifest which@^2.0.1
927 silly packumentCache full:https://registry.npmjs.org/which cache-miss
928 http fetch GET 200 https://registry.npmjs.org/uri-js 74ms (cache miss)
929 silly packumentCache full:https://registry.npmjs.org/uri-js set size:undefined disposed:false
930 silly fetch manifest path-key@^3.1.0
931 silly packumentCache full:https://registry.npmjs.org/path-key cache-miss
932 http fetch GET 200 https://registry.npmjs.org/json-schema-traverse 73ms (cache miss)
933 silly packumentCache full:https://registry.npmjs.org/json-schema-traverse set size:undefined disposed:false
934 silly fetch manifest shebang-command@^2.0.0
935 silly packumentCache full:https://registry.npmjs.org/shebang-command cache-miss
936 http fetch GET 200 https://registry.npmjs.org/fast-json-stable-stringify 73ms (cache miss)
937 silly packumentCache full:https://registry.npmjs.org/fast-json-stable-stringify set size:undefined disposed:false
938 silly fetch manifest esrecurse@^4.3.0
939 silly packumentCache full:https://registry.npmjs.org/esrecurse cache-miss
940 http fetch GET 200 https://registry.npmjs.org/ansi-styles 73ms (cache miss)
941 silly packumentCache full:https://registry.npmjs.org/ansi-styles set size:undefined disposed:false
942 silly fetch manifest estraverse@^5.2.0
943 silly packumentCache full:https://registry.npmjs.org/estraverse cache-miss
944 http fetch GET 200 https://registry.npmjs.org/which 70ms (cache miss)
945 silly packumentCache full:https://registry.npmjs.org/which set size:undefined disposed:false
946 silly fetch manifest acorn@^8.15.0
947 silly packumentCache full:https://registry.npmjs.org/acorn cache-miss
948 http fetch GET 200 https://registry.npmjs.org/esrecurse 60ms (cache miss)
949 silly packumentCache full:https://registry.npmjs.org/esrecurse set size:undefined disposed:false
950 silly fetch manifest acorn-jsx@^5.3.2
951 silly packumentCache full:https://registry.npmjs.org/acorn-jsx cache-miss
952 http fetch GET 200 https://registry.npmjs.org/shebang-command 64ms (cache miss)
953 silly packumentCache full:https://registry.npmjs.org/shebang-command set size:undefined disposed:false
954 silly fetch manifest estraverse@^5.1.0
955 silly packumentCache full:https://registry.npmjs.org/estraverse cache-miss
956 http fetch GET 200 https://registry.npmjs.org/path-key 69ms (cache miss)
957 silly packumentCache full:https://registry.npmjs.org/path-key set size:undefined disposed:false
958 silly fetch manifest flat-cache@^4.0.0
959 silly packumentCache full:https://registry.npmjs.org/flat-cache cache-miss
960 http fetch GET 200 https://registry.npmjs.org/estraverse 62ms (cache miss)
961 silly packumentCache full:https://registry.npmjs.org/estraverse set size:undefined disposed:false
962 silly fetch manifest locate-path@^6.0.0
963 silly packumentCache full:https://registry.npmjs.org/locate-path cache-miss
964 http fetch GET 200 https://registry.npmjs.org/estraverse 61ms (cache miss)
965 silly packumentCache full:https://registry.npmjs.org/estraverse set size:undefined disposed:false
966 silly fetch manifest path-exists@^4.0.0
967 silly packumentCache full:https://registry.npmjs.org/path-exists cache-miss
968 http fetch GET 200 https://registry.npmjs.org/acorn-jsx 69ms (cache miss)
969 silly packumentCache full:https://registry.npmjs.org/acorn-jsx set size:undefined disposed:false
970 silly fetch manifest is-glob@^4.0.3
971 silly packumentCache full:https://registry.npmjs.org/is-glob cache-miss
972 http cache https://registry.npmjs.org/is-glob 2ms (cache hit)
973 silly packumentCache full:https://registry.npmjs.org/is-glob set size:40530 disposed:false
974 silly fetch manifest is-extglob@^2.1.1
975 silly packumentCache full:https://registry.npmjs.org/is-extglob cache-miss
976 http fetch GET 200 https://registry.npmjs.org/locate-path 71ms (cache miss)
977 silly packumentCache full:https://registry.npmjs.org/locate-path set size:undefined disposed:false
978 silly fetch manifest brace-expansion@^1.1.7
979 silly packumentCache full:https://registry.npmjs.org/brace-expansion cache-miss
980 http fetch GET 200 https://registry.npmjs.org/flat-cache 73ms (cache miss)
981 silly packumentCache full:https://registry.npmjs.org/flat-cache set size:undefined disposed:false
982 silly fetch manifest prelude-ls@^1.2.1
983 silly packumentCache full:https://registry.npmjs.org/prelude-ls cache-miss
984 http fetch GET 200 https://registry.npmjs.org/@humanfs%2ftypes 253ms (cache miss)
985 silly packumentCache full:https://registry.npmjs.org/@humanfs%2ftypes set size:undefined disposed:false
986 silly fetch manifest deep-is@^0.1.3
987 silly packumentCache full:https://registry.npmjs.org/deep-is cache-miss
988 http fetch GET 200 https://registry.npmjs.org/path-exists 64ms (cache miss)
989 silly packumentCache full:https://registry.npmjs.org/path-exists set size:undefined disposed:false
990 silly fetch manifest word-wrap@^1.2.5
991 silly packumentCache full:https://registry.npmjs.org/word-wrap cache-miss
992 http fetch GET 200 https://registry.npmjs.org/is-extglob 58ms (cache miss)
993 silly packumentCache full:https://registry.npmjs.org/is-extglob set size:undefined disposed:false
994 silly fetch manifest type-check@^0.4.0
995 silly packumentCache full:https://registry.npmjs.org/type-check cache-miss
996 http fetch GET 200 https://registry.npmjs.org/prelude-ls 64ms (cache miss)
997 silly packumentCache full:https://registry.npmjs.org/prelude-ls set size:undefined disposed:false
998 silly fetch manifest fast-levenshtein@^2.0.6
999 silly packumentCache full:https://registry.npmjs.org/fast-levenshtein cache-miss
1000 http fetch GET 200 https://registry.npmjs.org/brace-expansion 70ms (cache miss)
1001 silly packumentCache full:https://registry.npmjs.org/brace-expansion set size:undefined disposed:false
1002 http fetch GET 200 https://registry.npmjs.org/deep-is 60ms (cache miss)
1003 silly packumentCache full:https://registry.npmjs.org/deep-is set size:undefined disposed:false
1004 http fetch GET 200 https://registry.npmjs.org/supports-color 299ms (cache miss)
1005 silly packumentCache full:https://registry.npmjs.org/supports-color set size:undefined disposed:false
1006 http fetch GET 200 https://registry.npmjs.org/type-check 64ms (cache miss)
1007 silly packumentCache full:https://registry.npmjs.org/type-check set size:undefined disposed:false
1008 http fetch GET 200 https://registry.npmjs.org/word-wrap 70ms (cache miss)
1009 silly packumentCache full:https://registry.npmjs.org/word-wrap set size:undefined disposed:false
1010 http fetch GET 200 https://registry.npmjs.org/fast-levenshtein 68ms (cache miss)
1011 silly packumentCache full:https://registry.npmjs.org/fast-levenshtein set size:undefined disposed:false
1012 http fetch GET 200 https://registry.npmjs.org/acorn 329ms (cache miss)
1013 silly packumentCache full:https://registry.npmjs.org/acorn set size:undefined disposed:false
1014 silly placeDep node_modules/@eslint-community/eslint-utils eslint-visitor-keys@3.4.3 OK for: @eslint-community/eslint-utils@4.10.1 want: ^3.4.3
1015 silly placeDep ROOT @eslint/object-schema@2.1.7 OK for: @eslint/config-array@0.21.2 want: ^2.1.7
1016 silly placeDep ROOT @types/json-schema@7.0.15 OK for: @eslint/core@0.17.0 want: ^7.0.15
1017 silly placeDep node_modules/@eslint/eslintrc globals@14.0.0 OK for: @eslint/eslintrc@3.3.6 want: ^14.0.0
1018 silly placeDep ROOT import-fresh@3.3.1 OK for: @eslint/eslintrc@3.3.6 want: ^3.2.1
1019 silly placeDep ROOT js-yaml@4.3.0 OK for: @eslint/eslintrc@3.3.6 want: ^4.3.0
1020 silly placeDep ROOT strip-json-comments@3.1.1 OK for: @eslint/eslintrc@3.3.6 want: ^3.1.1
1021 silly fetch manifest resolve-from@^4.0.0
1022 silly packumentCache full:https://registry.npmjs.org/resolve-from cache-miss
1023 silly fetch manifest parent-module@^1.0.0
1024 silly packumentCache full:https://registry.npmjs.org/parent-module cache-miss
1025 silly fetch manifest argparse@^2.0.1
1026 silly packumentCache full:https://registry.npmjs.org/argparse cache-miss
1027 http fetch GET 200 https://registry.npmjs.org/resolve-from 65ms (cache miss)
1028 silly packumentCache full:https://registry.npmjs.org/resolve-from set size:undefined disposed:false
1029 http fetch GET 200 https://registry.npmjs.org/parent-module 78ms (cache miss)
1030 silly packumentCache full:https://registry.npmjs.org/parent-module set size:undefined disposed:false
1031 http fetch GET 200 https://registry.npmjs.org/argparse 81ms (cache miss)
1032 silly packumentCache full:https://registry.npmjs.org/argparse set size:undefined disposed:false
1033 silly placeDep ROOT levn@0.4.1 OK for: @eslint/plugin-kit@0.4.1 want: ^0.4.1
1034 silly fetch manifest type-check@~0.4.0
1035 silly packumentCache full:https://registry.npmjs.org/type-check cache-miss
1036 http cache https://registry.npmjs.org/type-check 1ms (cache hit)
1037 silly packumentCache full:https://registry.npmjs.org/type-check set size:21221 disposed:false
1038 silly placeDep ROOT @humanfs/core@0.19.2 OK for: @humanfs/node@0.16.8 want: ^0.19.2
1039 silly placeDep ROOT @humanfs/types@0.15.0 OK for: @humanfs/node@0.16.8 want: ^0.15.0
1040 silly placeDep ROOT fast-json-stable-stringify@2.1.0 OK for: ajv@6.15.0 want: ^2.0.0
1041 silly placeDep ROOT json-schema-traverse@0.4.1 OK for: ajv@6.15.0 want: ^0.4.1
1042 silly placeDep ROOT uri-js@4.4.1 OK for: ajv@6.15.0 want: ^4.2.2
1043 silly fetch manifest punycode@^2.1.0
1044 silly packumentCache full:https://registry.npmjs.org/punycode cache-miss
1045 http fetch GET 200 https://registry.npmjs.org/punycode 67ms (cache miss)
1046 silly packumentCache full:https://registry.npmjs.org/punycode set size:undefined disposed:false
1047 silly placeDep ROOT ansi-styles@4.3.0 OK for: chalk@4.1.2 want: ^4.1.0
1048 silly placeDep ROOT supports-color@7.2.0 OK for: chalk@4.1.2 want: ^7.1.0
1049 silly fetch manifest color-convert@^2.0.1
1050 silly packumentCache full:https://registry.npmjs.org/color-convert cache-miss
1051 silly fetch manifest has-flag@^4.0.0
1052 silly packumentCache full:https://registry.npmjs.org/has-flag cache-miss
1053 http fetch GET 200 https://registry.npmjs.org/has-flag 63ms (cache miss)
1054 silly packumentCache full:https://registry.npmjs.org/has-flag set size:undefined disposed:false
1055 http fetch GET 200 https://registry.npmjs.org/color-convert 71ms (cache miss)
1056 silly packumentCache full:https://registry.npmjs.org/color-convert set size:undefined disposed:false
1057 silly placeDep ROOT color-convert@2.0.1 OK for: ansi-styles@4.3.0 want: ^2.0.1
1058 silly fetch manifest color-name@~1.1.4
1059 silly packumentCache full:https://registry.npmjs.org/color-name cache-miss
1060 http fetch GET 200 https://registry.npmjs.org/color-name 70ms (cache miss)
1061 silly packumentCache full:https://registry.npmjs.org/color-name set size:undefined disposed:false
1062 silly placeDep ROOT color-name@1.1.4 OK for: color-convert@2.0.1 want: ~1.1.4
1063 silly placeDep ROOT path-key@3.1.1 OK for: cross-spawn@7.0.6 want: ^3.1.0
1064 silly placeDep ROOT shebang-command@2.0.0 OK for: cross-spawn@7.0.6 want: ^2.0.0
1065 silly placeDep ROOT which@2.0.2 OK for: cross-spawn@7.0.6 want: ^2.0.1
1066 silly fetch manifest shebang-regex@^3.0.0
1067 silly packumentCache full:https://registry.npmjs.org/shebang-regex cache-miss
1068 silly fetch manifest isexe@^2.0.0
1069 silly packumentCache full:https://registry.npmjs.org/isexe cache-miss
1070 http fetch GET 200 https://registry.npmjs.org/isexe 64ms (cache miss)
1071 silly packumentCache full:https://registry.npmjs.org/isexe set size:undefined disposed:false
1072 http fetch GET 200 https://registry.npmjs.org/shebang-regex 65ms (cache miss)
1073 silly packumentCache full:https://registry.npmjs.org/shebang-regex set size:undefined disposed:false
1074 silly placeDep ROOT esrecurse@4.3.0 OK for: eslint-scope@8.4.0 want: ^4.3.0
1075 silly placeDep ROOT estraverse@5.3.0 OK for: eslint-scope@8.4.0 want: ^5.2.0
1076 silly placeDep ROOT acorn@8.17.0 OK for: espree@10.4.0 want: ^8.15.0
1077 silly placeDep ROOT acorn-jsx@5.3.2 OK for: espree@10.4.0 want: ^5.3.2
1078 silly placeDep ROOT flat-cache@4.0.1 OK for: file-entry-cache@8.0.0 want: ^4.0.0
1079 silly fetch manifest keyv@^4.5.4
1080 silly packumentCache full:https://registry.npmjs.org/keyv cache-miss
1081 silly fetch manifest flatted@^3.2.9
1082 silly packumentCache full:https://registry.npmjs.org/flatted cache-miss
1083 http fetch GET 200 https://registry.npmjs.org/keyv 92ms (cache miss)
1084 silly packumentCache full:https://registry.npmjs.org/keyv set size:undefined disposed:false
1085 http fetch GET 200 https://registry.npmjs.org/flatted 99ms (cache miss)
1086 silly packumentCache full:https://registry.npmjs.org/flatted set size:undefined disposed:false
1087 silly placeDep ROOT locate-path@6.0.0 OK for: find-up@5.0.0 want: ^6.0.0
1088 silly placeDep ROOT path-exists@4.0.0 OK for: find-up@5.0.0 want: ^4.0.0
1089 silly fetch manifest p-locate@^5.0.0
1090 silly packumentCache full:https://registry.npmjs.org/p-locate cache-miss
1091 http fetch GET 200 https://registry.npmjs.org/p-locate 57ms (cache miss)
1092 silly packumentCache full:https://registry.npmjs.org/p-locate set size:undefined disposed:false
1093 silly placeDep ROOT flatted@3.4.3 OK for: flat-cache@4.0.1 want: ^3.2.9
1094 silly placeDep ROOT keyv@4.5.4 OK for: flat-cache@4.0.1 want: ^4.5.4
1095 silly fetch manifest json-buffer@3.0.1
1096 silly packumentCache full:https://registry.npmjs.org/json-buffer cache-miss
1097 http fetch GET 200 https://registry.npmjs.org/json-buffer 71ms (cache miss)
1098 silly packumentCache full:https://registry.npmjs.org/json-buffer set size:undefined disposed:false
1099 silly placeDep ROOT asynckit@0.4.0 OK for: form-data@4.0.6 want: ^0.4.0
1100 silly placeDep ROOT combined-stream@1.0.8 OK for: form-data@4.0.6 want: ^1.0.8
1101 silly placeDep ROOT es-set-tostringtag@2.1.0 OK for: form-data@4.0.6 want: ^2.1.0
1102 silly placeDep ROOT hasown@2.0.4 OK for: form-data@4.0.6 want: ^2.0.4
1103 silly placeDep ROOT mime-types@2.1.35 OK for: form-data@4.0.6 want: ^2.1.35
1104 silly fetch manifest delayed-stream@~1.0.0
1105 silly packumentCache full:https://registry.npmjs.org/delayed-stream cache-miss
1106 silly fetch manifest es-errors@^1.3.0
1107 silly packumentCache full:https://registry.npmjs.org/es-errors cache-miss
1108 silly fetch manifest get-intrinsic@^1.2.6
1109 silly packumentCache full:https://registry.npmjs.org/get-intrinsic cache-miss
1110 silly fetch manifest has-tostringtag@^1.0.2
1111 silly packumentCache full:https://registry.npmjs.org/has-tostringtag cache-miss
1112 silly fetch manifest hasown@^2.0.2
1113 silly packumentCache full:https://registry.npmjs.org/hasown cache-miss
1114 silly fetch manifest function-bind@^1.1.2
1115 silly packumentCache full:https://registry.npmjs.org/function-bind cache-miss
1116 silly fetch manifest mime-db@1.52.0
1117 silly packumentCache full:https://registry.npmjs.org/mime-db cache-miss
1118 http cache https://registry.npmjs.org/hasown 5ms (cache hit)
1119 silly packumentCache full:https://registry.npmjs.org/hasown set size:18361 disposed:false
1120 http fetch GET 200 https://registry.npmjs.org/delayed-stream 67ms (cache miss)
1121 silly packumentCache full:https://registry.npmjs.org/delayed-stream set size:undefined disposed:false
1122 http fetch GET 200 https://registry.npmjs.org/es-errors 70ms (cache miss)
1123 silly packumentCache full:https://registry.npmjs.org/es-errors set size:undefined disposed:false
1124 http fetch GET 200 https://registry.npmjs.org/function-bind 73ms (cache miss)
1125 silly packumentCache full:https://registry.npmjs.org/function-bind set size:undefined disposed:false
1126 http fetch GET 200 https://registry.npmjs.org/has-tostringtag 74ms (cache miss)
1127 silly packumentCache full:https://registry.npmjs.org/has-tostringtag set size:undefined disposed:false
1128 http fetch GET 200 https://registry.npmjs.org/get-intrinsic 88ms (cache miss)
1129 silly packumentCache full:https://registry.npmjs.org/get-intrinsic set size:undefined disposed:false
1130 http fetch GET 200 https://registry.npmjs.org/mime-db 95ms (cache miss)
1131 silly packumentCache full:https://registry.npmjs.org/mime-db set size:undefined disposed:false
1132 silly placeDep ROOT delayed-stream@1.0.0 OK for: combined-stream@1.0.8 want: ~1.0.0
1133 silly placeDep ROOT es-errors@1.3.0 OK for: es-set-tostringtag@2.1.0 want: ^1.3.0
1134 silly placeDep ROOT get-intrinsic@1.3.0 OK for: es-set-tostringtag@2.1.0 want: ^1.2.6
1135 silly placeDep ROOT has-tostringtag@1.0.2 OK for: es-set-tostringtag@2.1.0 want: ^1.0.2
1136 silly fetch manifest gopd@^1.2.0
1137 silly packumentCache full:https://registry.npmjs.org/gopd cache-miss
1138 silly fetch manifest get-proto@^1.0.1
1139 silly packumentCache full:https://registry.npmjs.org/get-proto cache-miss
1140 silly fetch manifest has-symbols@^1.1.0
1141 silly packumentCache full:https://registry.npmjs.org/has-symbols cache-miss
1142 silly fetch manifest es-object-atoms@^1.1.1
1143 silly packumentCache full:https://registry.npmjs.org/es-object-atoms cache-miss
1144 silly fetch manifest math-intrinsics@^1.1.0
1145 silly packumentCache full:https://registry.npmjs.org/math-intrinsics cache-miss
1146 silly fetch manifest es-define-property@^1.0.1
1147 silly packumentCache full:https://registry.npmjs.org/es-define-property cache-miss
1148 silly fetch manifest call-bind-apply-helpers@^1.0.2
1149 silly packumentCache full:https://registry.npmjs.org/call-bind-apply-helpers cache-miss
1150 http fetch GET 200 https://registry.npmjs.org/es-object-atoms 77ms (cache miss)
1151 silly packumentCache full:https://registry.npmjs.org/es-object-atoms set size:undefined disposed:false
1152 silly fetch manifest has-symbols@^1.0.3
1153 silly packumentCache full:https://registry.npmjs.org/has-symbols cache-miss
1154 http fetch GET 200 https://registry.npmjs.org/gopd 78ms (cache miss)
1155 silly packumentCache full:https://registry.npmjs.org/gopd set size:undefined disposed:false
1156 http fetch GET 200 https://registry.npmjs.org/call-bind-apply-helpers 78ms (cache miss)
1157 silly packumentCache full:https://registry.npmjs.org/call-bind-apply-helpers set size:undefined disposed:false
1158 http fetch GET 200 https://registry.npmjs.org/get-proto 79ms (cache miss)
1159 silly packumentCache full:https://registry.npmjs.org/get-proto set size:undefined disposed:false
1160 http fetch GET 200 https://registry.npmjs.org/es-define-property 80ms (cache miss)
1161 silly packumentCache full:https://registry.npmjs.org/es-define-property set size:undefined disposed:false
1162 http fetch GET 200 https://registry.npmjs.org/has-symbols 80ms (cache miss)
1163 silly packumentCache full:https://registry.npmjs.org/has-symbols set size:undefined disposed:false
1164 http fetch GET 200 https://registry.npmjs.org/has-symbols 59ms (cache miss)
1165 silly packumentCache full:https://registry.npmjs.org/has-symbols set size:undefined disposed:false
1166 http fetch GET 200 https://registry.npmjs.org/math-intrinsics 297ms (cache miss)
1167 silly packumentCache full:https://registry.npmjs.org/math-intrinsics set size:undefined disposed:false
1168 silly placeDep ROOT call-bind-apply-helpers@1.0.2 OK for: get-intrinsic@1.3.0 want: ^1.0.2
1169 silly placeDep ROOT es-define-property@1.0.1 OK for: get-intrinsic@1.3.0 want: ^1.0.1
1170 silly placeDep ROOT es-object-atoms@1.1.2 OK for: get-intrinsic@1.3.0 want: ^1.1.1
1171 silly placeDep ROOT function-bind@1.1.2 OK for: get-intrinsic@1.3.0 want: ^1.1.2
1172 silly placeDep ROOT get-proto@1.0.1 OK for: get-intrinsic@1.3.0 want: ^1.0.1
1173 silly placeDep ROOT gopd@1.2.0 OK for: get-intrinsic@1.3.0 want: ^1.2.0
1174 silly placeDep ROOT has-symbols@1.1.0 OK for: get-intrinsic@1.3.0 want: ^1.1.0
1175 silly placeDep ROOT math-intrinsics@1.1.0 OK for: get-intrinsic@1.3.0 want: ^1.1.0
1176 silly fetch manifest dunder-proto@^1.0.1
1177 silly packumentCache full:https://registry.npmjs.org/dunder-proto cache-miss
1178 http fetch GET 200 https://registry.npmjs.org/dunder-proto 60ms (cache miss)
1179 silly packumentCache full:https://registry.npmjs.org/dunder-proto set size:undefined disposed:false
1180 silly placeDep ROOT dunder-proto@1.0.1 OK for: get-proto@1.0.1 want: ^1.0.1
1181 silly placeDep ROOT agent-base@6.0.2 OK for: https-proxy-agent@5.0.1 want: 6
1182 silly placeDep ROOT parent-module@1.0.1 OK for: import-fresh@3.3.1 want: ^1.0.0
1183 silly placeDep ROOT resolve-from@4.0.0 OK for: import-fresh@3.3.1 want: ^4.0.0
1184 silly fetch manifest callsites@^3.0.0
1185 silly packumentCache full:https://registry.npmjs.org/callsites cache-miss
1186 http fetch GET 200 https://registry.npmjs.org/callsites 65ms (cache miss)
1187 silly packumentCache full:https://registry.npmjs.org/callsites set size:undefined disposed:false
1188 silly placeDep ROOT is-extglob@2.1.1 OK for: is-glob@4.0.3 want: ^2.1.1
1189 silly placeDep ROOT argparse@2.0.1 OK for: js-yaml@4.3.0 want: ^2.0.1
1190 silly placeDep ROOT json-buffer@3.0.1 OK for: keyv@4.5.4 want: 3.0.1
1191 silly placeDep ROOT prelude-ls@1.2.1 OK for: levn@0.4.1 want: ^1.2.1
1192 silly placeDep ROOT type-check@0.4.0 OK for: levn@0.4.1 want: ~0.4.0
1193 silly placeDep ROOT detect-libc@2.1.2 OK for: lightningcss@1.32.0 want: ^2.0.3
1194 silly placeDep ROOT lightningcss-android-arm64@1.32.0 OK for: lightningcss@1.32.0 want: 1.32.0
1195 silly placeDep ROOT lightningcss-darwin-arm64@1.32.0 OK for: lightningcss@1.32.0 want: 1.32.0
1196 silly placeDep ROOT lightningcss-darwin-x64@1.32.0 OK for: lightningcss@1.32.0 want: 1.32.0
1197 silly placeDep ROOT lightningcss-freebsd-x64@1.32.0 OK for: lightningcss@1.32.0 want: 1.32.0
1198 silly placeDep ROOT lightningcss-linux-arm-gnueabihf@1.32.0 OK for: lightningcss@1.32.0 want: 1.32.0
1199 silly placeDep ROOT lightningcss-linux-arm64-gnu@1.32.0 OK for: lightningcss@1.32.0 want: 1.32.0
1200 silly placeDep ROOT lightningcss-linux-arm64-musl@1.32.0 OK for: lightningcss@1.32.0 want: 1.32.0
1201 silly placeDep ROOT lightningcss-linux-x64-gnu@1.32.0 OK for: lightningcss@1.32.0 want: 1.32.0
1202 silly placeDep ROOT lightningcss-linux-x64-musl@1.32.0 OK for: lightningcss@1.32.0 want: 1.32.0
1203 silly placeDep ROOT lightningcss-win32-arm64-msvc@1.32.0 OK for: lightningcss@1.32.0 want: 1.32.0
1204 silly placeDep ROOT lightningcss-win32-x64-msvc@1.32.0 OK for: lightningcss@1.32.0 want: 1.32.0
1205 silly placeDep ROOT p-locate@5.0.0 OK for: locate-path@6.0.0 want: ^5.0.0
1206 silly fetch manifest p-limit@^3.0.2
1207 silly packumentCache full:https://registry.npmjs.org/p-limit cache-miss
1208 http fetch GET 200 https://registry.npmjs.org/p-limit 62ms (cache miss)
1209 silly packumentCache full:https://registry.npmjs.org/p-limit set size:undefined disposed:false
1210 silly placeDep ROOT yallist@3.1.1 OK for: lru-cache@5.1.1 want: ^3.0.2
1211 silly placeDep ROOT mime-db@1.52.0 OK for: mime-types@2.1.35 want: 1.52.0
1212 silly placeDep ROOT brace-expansion@1.1.16 OK for: minimatch@3.1.5 want: ^1.1.7
1213 silly fetch manifest concat-map@0.0.1
1214 silly packumentCache full:https://registry.npmjs.org/concat-map cache-miss
1215 silly fetch manifest balanced-match@^1.0.0
1216 silly packumentCache full:https://registry.npmjs.org/balanced-match cache-miss
1217 http fetch GET 200 https://registry.npmjs.org/concat-map 56ms (cache miss)
1218 silly packumentCache full:https://registry.npmjs.org/concat-map set size:undefined disposed:false
1219 http fetch GET 200 https://registry.npmjs.org/balanced-match 61ms (cache miss)
1220 silly packumentCache full:https://registry.npmjs.org/balanced-match set size:undefined disposed:false
1221 silly placeDep ROOT balanced-match@1.0.2 OK for: brace-expansion@1.1.16 want: ^1.0.0
1222 silly placeDep ROOT concat-map@0.0.1 OK for: brace-expansion@1.1.16 want: 0.0.1
1223 silly placeDep ROOT deep-is@0.1.4 OK for: optionator@0.9.4 want: ^0.1.3
1224 silly placeDep ROOT fast-levenshtein@2.0.6 OK for: optionator@0.9.4 want: ^2.0.6
1225 silly placeDep ROOT word-wrap@1.2.5 OK for: optionator@0.9.4 want: ^1.2.5
1226 silly placeDep ROOT p-limit@3.1.0 OK for: p-locate@5.0.0 want: ^3.0.2
1227 silly fetch manifest yocto-queue@^0.1.0
1228 silly packumentCache full:https://registry.npmjs.org/yocto-queue cache-miss
1229 http fetch GET 200 https://registry.npmjs.org/yocto-queue 56ms (cache miss)
1230 silly packumentCache full:https://registry.npmjs.org/yocto-queue set size:undefined disposed:false
1231 silly placeDep ROOT yocto-queue@0.1.0 OK for: p-limit@3.1.0 want: ^0.1.0
1232 silly placeDep ROOT callsites@3.1.0 OK for: parent-module@1.0.1 want: ^3.0.0
1233 silly placeDep ROOT nanoid@3.3.16 OK for: postcss@8.5.22 want: ^3.3.16
1234 silly placeDep ROOT loose-envify@1.4.0 OK for: react@18.3.1 want: ^1.1.0
1235 silly placeDep ROOT scheduler@0.23.2 OK for: react-dom@18.3.1 want: ^0.23.2
1236 silly placeDep ROOT cookie@1.1.1 OK for: react-router@7.18.1 want: ^1.0.1
1237 silly placeDep ROOT set-cookie-parser@2.7.2 OK for: react-router@7.18.1 want: ^2.6.0
1238 silly placeDep ROOT clsx@2.1.1 OK for: react-toastify@11.1.0 want: ^2.1.1
1239 silly placeDep ROOT shebang-regex@3.0.0 OK for: shebang-command@2.0.0 want: ^3.0.0
1240 silly placeDep ROOT has-flag@4.0.0 OK for: supports-color@7.2.0 want: ^4.0.0
1241 silly placeDep ROOT @typescript-eslint/eslint-plugin@8.65.0 OK for: typescript-eslint@8.65.0 want: 8.65.0
1242 silly placeDep ROOT @typescript-eslint/parser@8.65.0 OK for: typescript-eslint@8.65.0 want: 8.65.0
1243 silly placeDep ROOT @typescript-eslint/typescript-estree@8.65.0 OK for: typescript-eslint@8.65.0 want: 8.65.0
1244 silly placeDep ROOT @typescript-eslint/utils@8.65.0 OK for: typescript-eslint@8.65.0 want: 8.65.0
1245 silly fetch manifest ignore@^7.0.5
1246 silly packumentCache full:https://registry.npmjs.org/ignore cache-miss
1247 silly fetch manifest ts-api-utils@^2.5.0
1248 silly packumentCache full:https://registry.npmjs.org/ts-api-utils cache-miss
1249 silly fetch manifest @typescript-eslint/type-utils@8.65.0
1250 silly packumentCache full:https://registry.npmjs.org/@typescript-eslint%2ftype-utils cache-miss
1251 silly fetch manifest @typescript-eslint/visitor-keys@8.65.0
1252 silly packumentCache full:https://registry.npmjs.org/@typescript-eslint%2fvisitor-keys cache-miss
1253 silly fetch manifest @typescript-eslint/scope-manager@8.65.0
1254 silly packumentCache full:https://registry.npmjs.org/@typescript-eslint%2fscope-manager cache-miss
1255 silly fetch manifest @typescript-eslint/types@8.65.0
1256 silly packumentCache full:https://registry.npmjs.org/@typescript-eslint%2ftypes cache-miss
1257 silly fetch manifest @typescript-eslint/visitor-keys@8.65.0
1258 silly packumentCache full:https://registry.npmjs.org/@typescript-eslint%2fvisitor-keys cache-miss
1259 http cache https://registry.npmjs.org/ignore 4ms (cache hit)
1260 silly packumentCache full:https://registry.npmjs.org/ignore set size:240910 disposed:false
1261 silly fetch manifest @typescript-eslint/scope-manager@8.65.0
1262 silly packumentCache full:https://registry.npmjs.org/@typescript-eslint%2fscope-manager cache-miss
1263 http fetch GET 200 https://registry.npmjs.org/ts-api-utils 68ms (cache miss)
1264 silly packumentCache full:https://registry.npmjs.org/ts-api-utils set size:undefined disposed:false
1265 silly fetch manifest semver@^7.7.3
1266 silly packumentCache full:https://registry.npmjs.org/semver cache-miss
1267 http cache https://registry.npmjs.org/semver 2ms (cache hit)
1268 silly packumentCache full:https://registry.npmjs.org/semver set size:246069 disposed:false
1269 silly fetch manifest minimatch@^10.2.2
1270 silly packumentCache full:https://registry.npmjs.org/minimatch cache-miss
1271 http cache https://registry.npmjs.org/minimatch 2ms (cache hit)
1272 silly packumentCache full:https://registry.npmjs.org/minimatch set size:375282 disposed:false
1273 silly fetch manifest tinyglobby@^0.2.15
1274 silly packumentCache full:https://registry.npmjs.org/tinyglobby cache-miss
1275 http cache https://registry.npmjs.org/tinyglobby 1ms (cache hit)
1276 silly packumentCache full:https://registry.npmjs.org/tinyglobby set size:54291 disposed:false
1277 silly fetch manifest @typescript-eslint/types@8.65.0
1278 silly packumentCache full:https://registry.npmjs.org/@typescript-eslint%2ftypes cache-miss
1279 http fetch GET 200 https://registry.npmjs.org/@typescript-eslint%2ftype-utils 1705ms (cache miss)
1280 silly packumentCache full:https://registry.npmjs.org/@typescript-eslint%2ftype-utils set size:undefined disposed:false
1281 silly fetch manifest @typescript-eslint/visitor-keys@8.65.0
1282 silly packumentCache full:https://registry.npmjs.org/@typescript-eslint%2fvisitor-keys cache-miss
1283 http fetch GET 200 https://registry.npmjs.org/@typescript-eslint%2fvisitor-keys 2140ms (cache miss)
1284 silly packumentCache full:https://registry.npmjs.org/@typescript-eslint%2fvisitor-keys set size:undefined disposed:false
1285 silly fetch manifest @typescript-eslint/tsconfig-utils@8.65.0
1286 silly packumentCache full:https://registry.npmjs.org/@typescript-eslint%2ftsconfig-utils cache-miss
1287 http fetch GET 200 https://registry.npmjs.org/@typescript-eslint%2ftypes 2172ms (cache miss)
1288 silly packumentCache full:https://registry.npmjs.org/@typescript-eslint%2ftypes set size:undefined disposed:false
1289 silly fetch manifest @typescript-eslint/project-service@8.65.0
1290 silly packumentCache full:https://registry.npmjs.org/@typescript-eslint%2fproject-service cache-miss
1291 http fetch GET 200 https://registry.npmjs.org/@typescript-eslint%2fscope-manager 2221ms (cache miss)
1292 silly packumentCache full:https://registry.npmjs.org/@typescript-eslint%2fscope-manager set size:undefined disposed:false
1293 http fetch GET 200 https://registry.npmjs.org/@typescript-eslint%2fvisitor-keys 2253ms (cache miss)
1294 silly packumentCache full:https://registry.npmjs.org/@typescript-eslint%2fvisitor-keys set size:undefined disposed:false
1295 http fetch GET 200 https://registry.npmjs.org/@typescript-eslint%2ftypes 2220ms (cache miss)
1296 silly packumentCache full:https://registry.npmjs.org/@typescript-eslint%2ftypes set size:undefined disposed:false
1297 http fetch GET 200 https://registry.npmjs.org/@typescript-eslint%2fscope-manager 2322ms (cache miss)
1298 silly packumentCache full:https://registry.npmjs.org/@typescript-eslint%2fscope-manager set size:undefined disposed:false
1299 http fetch GET 200 https://registry.npmjs.org/@typescript-eslint%2ftsconfig-utils 245ms (cache miss)
1300 silly packumentCache full:https://registry.npmjs.org/@typescript-eslint%2ftsconfig-utils set size:undefined disposed:false
1301 http fetch GET 200 https://registry.npmjs.org/@typescript-eslint%2fproject-service 227ms (cache miss)
1302 silly packumentCache full:https://registry.npmjs.org/@typescript-eslint%2fproject-service set size:undefined disposed:false
1303 http fetch GET 200 https://registry.npmjs.org/@typescript-eslint%2fvisitor-keys 758ms (cache miss)
1304 silly packumentCache full:https://registry.npmjs.org/@typescript-eslint%2fvisitor-keys set size:undefined disposed:false
1305 silly placeDep ROOT @typescript-eslint/scope-manager@8.65.0 OK for: @typescript-eslint/eslint-plugin@8.65.0 want: 8.65.0
1306 silly placeDep ROOT @typescript-eslint/type-utils@8.65.0 OK for: @typescript-eslint/eslint-plugin@8.65.0 want: 8.65.0
1307 silly placeDep ROOT @typescript-eslint/visitor-keys@8.65.0 OK for: @typescript-eslint/eslint-plugin@8.65.0 want: 8.65.0
1308 silly placeDep node_modules/@typescript-eslint/eslint-plugin ignore@7.0.6 OK for: @typescript-eslint/eslint-plugin@8.65.0 want: ^7.0.5
1309 silly placeDep ROOT ts-api-utils@2.5.0 OK for: @typescript-eslint/eslint-plugin@8.65.0 want: ^2.5.0
1310 silly fetch manifest eslint-visitor-keys@^5.0.0
1311 silly packumentCache full:https://registry.npmjs.org/eslint-visitor-keys cache-hit
1312 silly placeDep ROOT @typescript-eslint/types@8.65.0 OK for: @typescript-eslint/parser@8.65.0 want: 8.65.0
1313 silly placeDep ROOT @typescript-eslint/project-service@8.65.0 OK for: @typescript-eslint/typescript-estree@8.65.0 want: 8.65.0
1314 silly placeDep ROOT @typescript-eslint/tsconfig-utils@8.65.0 OK for: @typescript-eslint/typescript-estree@8.65.0 want: 8.65.0
1315 silly placeDep node_modules/@typescript-eslint/typescript-estree minimatch@10.2.5 OK for: @typescript-eslint/typescript-estree@8.65.0 want: ^10.2.2
1316 silly placeDep node_modules/@typescript-eslint/typescript-estree semver@7.8.5 OK for: @typescript-eslint/typescript-estree@8.65.0 want: ^7.7.3
1317 silly placeDep ROOT tinyglobby@0.2.17 OK for: @typescript-eslint/typescript-estree@8.65.0 want: ^0.2.15
1318 silly fetch manifest @typescript-eslint/tsconfig-utils@^8.65.0
1319 silly packumentCache full:https://registry.npmjs.org/@typescript-eslint%2ftsconfig-utils cache-miss
1320 silly fetch manifest brace-expansion@^5.0.5
1321 silly packumentCache full:https://registry.npmjs.org/brace-expansion cache-miss
1322 silly fetch manifest fdir@^6.5.0
1323 silly packumentCache full:https://registry.npmjs.org/fdir cache-miss
1324 silly fetch manifest picomatch@^4.0.4
1325 silly packumentCache full:https://registry.npmjs.org/picomatch cache-miss
1326 http cache https://registry.npmjs.org/brace-expansion 2ms (cache hit)
1327 silly packumentCache full:https://registry.npmjs.org/brace-expansion set size:78539 disposed:false
1328 http cache https://registry.npmjs.org/@typescript-eslint%2ftsconfig-utils 5ms (cache hit)
1329 silly packumentCache full:https://registry.npmjs.org/@typescript-eslint%2ftsconfig-utils set size:1584185 disposed:false
1330 http cache https://registry.npmjs.org/fdir 9ms (cache hit)
1331 silly packumentCache full:https://registry.npmjs.org/fdir set size:136182 disposed:false
1332 http cache https://registry.npmjs.org/picomatch 9ms (cache hit)
1333 silly packumentCache full:https://registry.npmjs.org/picomatch set size:128942 disposed:false
1334 silly placeDep node_modules/@typescript-eslint/visitor-keys eslint-visitor-keys@5.0.1 OK for: @typescript-eslint/visitor-keys@8.65.0 want: ^5.0.0
1335 silly placeDep ROOT fdir@6.5.0 OK for: tinyglobby@0.2.17 want: ^6.5.0
1336 silly placeDep ROOT picomatch@4.0.5 OK for: tinyglobby@0.2.17 want: ^4.0.4
1337 silly placeDep ROOT escalade@3.2.0 OK for: update-browserslist-db@1.2.3 want: ^3.2.0
1338 silly placeDep ROOT punycode@2.3.1 OK for: uri-js@4.4.1 want: ^2.1.0
1339 silly placeDep ROOT esbuild@0.25.12 OK for: vite@6.4.3 want: ^0.25.0
1340 silly placeDep ROOT fsevents@2.3.3 OK for: vite@6.4.3 want: ~2.3.3
1341 silly placeDep ROOT rollup@4.62.2 OK for: vite@6.4.3 want: ^4.34.9
1342 silly fetch manifest @esbuild/aix-ppc64@0.25.12
1343 silly packumentCache full:https://registry.npmjs.org/@esbuild%2faix-ppc64 cache-miss
1344 silly fetch manifest @esbuild/linux-arm@0.25.12
1345 silly packumentCache full:https://registry.npmjs.org/@esbuild%2flinux-arm cache-miss
1346 silly fetch manifest @esbuild/linux-x64@0.25.12
1347 silly packumentCache full:https://registry.npmjs.org/@esbuild%2flinux-x64 cache-miss
1348 silly fetch manifest @esbuild/sunos-x64@0.25.12
1349 silly packumentCache full:https://registry.npmjs.org/@esbuild%2fsunos-x64 cache-miss
1350 silly fetch manifest @esbuild/win32-x64@0.25.12
1351 silly packumentCache full:https://registry.npmjs.org/@esbuild%2fwin32-x64 cache-miss
1352 silly fetch manifest @esbuild/darwin-x64@0.25.12
1353 silly packumentCache full:https://registry.npmjs.org/@esbuild%2fdarwin-x64 cache-miss
1354 silly fetch manifest @esbuild/linux-ia32@0.25.12
1355 silly packumentCache full:https://registry.npmjs.org/@esbuild%2flinux-ia32 cache-miss
1356 http fetch GET 200 https://registry.npmjs.org/@esbuild%2flinux-x64 100ms (cache miss)
1357 silly packumentCache full:https://registry.npmjs.org/@esbuild%2flinux-x64 set size:undefined disposed:false
1358 silly fetch manifest @esbuild/netbsd-x64@0.25.12
1359 silly packumentCache full:https://registry.npmjs.org/@esbuild%2fnetbsd-x64 cache-miss
1360 http fetch GET 200 https://registry.npmjs.org/@esbuild%2fdarwin-x64 128ms (cache miss)
1361 silly packumentCache full:https://registry.npmjs.org/@esbuild%2fdarwin-x64 set size:undefined disposed:false
1362 silly fetch manifest @esbuild/win32-ia32@0.25.12
1363 silly packumentCache full:https://registry.npmjs.org/@esbuild%2fwin32-ia32 cache-miss
1364 http fetch GET 200 https://registry.npmjs.org/@esbuild%2flinux-arm 129ms (cache miss)
1365 silly packumentCache full:https://registry.npmjs.org/@esbuild%2flinux-arm set size:undefined disposed:false
1366 silly fetch manifest @esbuild/android-arm@0.25.12
1367 silly packumentCache full:https://registry.npmjs.org/@esbuild%2fandroid-arm cache-miss
1368 http fetch GET 200 https://registry.npmjs.org/@esbuild%2fsunos-x64 130ms (cache miss)
1369 silly packumentCache full:https://registry.npmjs.org/@esbuild%2fsunos-x64 set size:undefined disposed:false
1370 silly fetch manifest @esbuild/android-x64@0.25.12
1371 silly packumentCache full:https://registry.npmjs.org/@esbuild%2fandroid-x64 cache-miss
1372 http fetch GET 200 https://registry.npmjs.org/@esbuild%2fwin32-x64 133ms (cache miss)
1373 silly packumentCache full:https://registry.npmjs.org/@esbuild%2fwin32-x64 set size:undefined disposed:false
1374 silly fetch manifest @esbuild/freebsd-x64@0.25.12
1375 silly packumentCache full:https://registry.npmjs.org/@esbuild%2ffreebsd-x64 cache-miss
1376 http fetch GET 200 https://registry.npmjs.org/@esbuild%2fnetbsd-x64 108ms (cache miss)
1377 silly packumentCache full:https://registry.npmjs.org/@esbuild%2fnetbsd-x64 set size:undefined disposed:false
1378 silly fetch manifest @esbuild/linux-arm64@0.25.12
1379 silly packumentCache full:https://registry.npmjs.org/@esbuild%2flinux-arm64 cache-miss
1380 http fetch GET 200 https://registry.npmjs.org/@esbuild%2fwin32-ia32 144ms (cache miss)
1381 silly packumentCache full:https://registry.npmjs.org/@esbuild%2fwin32-ia32 set size:undefined disposed:false
1382 silly fetch manifest @esbuild/linux-ppc64@0.25.12
1383 silly packumentCache full:https://registry.npmjs.org/@esbuild%2flinux-ppc64 cache-miss
1384 http fetch GET 200 https://registry.npmjs.org/@esbuild%2fandroid-arm 176ms (cache miss)
1385 silly packumentCache full:https://registry.npmjs.org/@esbuild%2fandroid-arm set size:undefined disposed:false
1386 silly fetch manifest @esbuild/linux-s390x@0.25.12
1387 silly packumentCache full:https://registry.npmjs.org/@esbuild%2flinux-s390x cache-miss
1388 http fetch GET 200 https://registry.npmjs.org/@esbuild%2ffreebsd-x64 174ms (cache miss)
1389 silly packumentCache full:https://registry.npmjs.org/@esbuild%2ffreebsd-x64 set size:undefined disposed:false
1390 silly fetch manifest @esbuild/openbsd-x64@0.25.12
1391 silly packumentCache full:https://registry.npmjs.org/@esbuild%2fopenbsd-x64 cache-miss
1392 http fetch GET 200 https://registry.npmjs.org/@esbuild%2faix-ppc64 310ms (cache miss)
1393 silly packumentCache full:https://registry.npmjs.org/@esbuild%2faix-ppc64 set size:undefined disposed:false
1394 silly fetch manifest @esbuild/win32-arm64@0.25.12
1395 silly packumentCache full:https://registry.npmjs.org/@esbuild%2fwin32-arm64 cache-miss
1396 http fetch GET 200 https://registry.npmjs.org/@esbuild%2flinux-ia32 326ms (cache miss)
1397 silly packumentCache full:https://registry.npmjs.org/@esbuild%2flinux-ia32 set size:undefined disposed:false
1398 silly fetch manifest @esbuild/darwin-arm64@0.25.12
1399 silly packumentCache full:https://registry.npmjs.org/@esbuild%2fdarwin-arm64 cache-miss
1400 http fetch GET 200 https://registry.npmjs.org/@esbuild%2flinux-arm64 218ms (cache miss)
1401 silly packumentCache full:https://registry.npmjs.org/@esbuild%2flinux-arm64 set size:undefined disposed:false
1402 silly fetch manifest @esbuild/netbsd-arm64@0.25.12
1403 silly packumentCache full:https://registry.npmjs.org/@esbuild%2fnetbsd-arm64 cache-miss
1404 http fetch GET 200 https://registry.npmjs.org/@esbuild%2fdarwin-arm64 118ms (cache miss)
1405 silly packumentCache full:https://registry.npmjs.org/@esbuild%2fdarwin-arm64 set size:undefined disposed:false
1406 silly fetch manifest @esbuild/android-arm64@0.25.12
1407 silly packumentCache full:https://registry.npmjs.org/@esbuild%2fandroid-arm64 cache-miss
1408 http fetch GET 200 https://registry.npmjs.org/@esbuild%2flinux-ppc64 182ms (cache miss)
1409 silly packumentCache full:https://registry.npmjs.org/@esbuild%2flinux-ppc64 set size:undefined disposed:false
1410 silly fetch manifest @esbuild/freebsd-arm64@0.25.12
1411 silly packumentCache full:https://registry.npmjs.org/@esbuild%2ffreebsd-arm64 cache-miss
1412 http fetch GET 200 https://registry.npmjs.org/@esbuild%2fandroid-x64 348ms (cache miss)
1413 silly packumentCache full:https://registry.npmjs.org/@esbuild%2fandroid-x64 set size:undefined disposed:false
1414 silly fetch manifest @esbuild/linux-loong64@0.25.12
1415 silly packumentCache full:https://registry.npmjs.org/@esbuild%2flinux-loong64 cache-miss
1416 http fetch GET 200 https://registry.npmjs.org/@esbuild%2fnetbsd-arm64 105ms (cache miss)
1417 silly packumentCache full:https://registry.npmjs.org/@esbuild%2fnetbsd-arm64 set size:undefined disposed:false
1418 silly fetch manifest @esbuild/linux-riscv64@0.25.12
1419 silly packumentCache full:https://registry.npmjs.org/@esbuild%2flinux-riscv64 cache-miss
1420 http fetch GET 200 https://registry.npmjs.org/@esbuild%2fandroid-arm64 106ms (cache miss)
1421 silly packumentCache full:https://registry.npmjs.org/@esbuild%2fandroid-arm64 set size:undefined disposed:false
1422 silly fetch manifest @esbuild/openbsd-arm64@0.25.12
1423 silly packumentCache full:https://registry.npmjs.org/@esbuild%2fopenbsd-arm64 cache-miss
1424 http fetch GET 200 https://registry.npmjs.org/@esbuild%2flinux-loong64 96ms (cache miss)
1425 silly packumentCache full:https://registry.npmjs.org/@esbuild%2flinux-loong64 set size:undefined disposed:false
1426 silly fetch manifest @esbuild/linux-mips64el@0.25.12
1427 silly packumentCache full:https://registry.npmjs.org/@esbuild%2flinux-mips64el cache-miss
1428 http fetch GET 200 https://registry.npmjs.org/@esbuild%2fopenbsd-x64 286ms (cache miss)
1429 silly packumentCache full:https://registry.npmjs.org/@esbuild%2fopenbsd-x64 set size:undefined disposed:false
1430 silly fetch manifest @esbuild/openharmony-arm64@0.25.12
1431 silly packumentCache full:https://registry.npmjs.org/@esbuild%2fopenharmony-arm64 cache-miss
1432 http fetch GET 200 https://registry.npmjs.org/@esbuild%2flinux-riscv64 93ms (cache miss)
1433 silly packumentCache full:https://registry.npmjs.org/@esbuild%2flinux-riscv64 set size:undefined disposed:false
1434 silly fetch manifest @rollup/rollup-darwin-arm64@4.62.2
1435 silly packumentCache full:https://registry.npmjs.org/@rollup%2frollup-darwin-arm64 cache-miss
1436 http fetch GET 200 https://registry.npmjs.org/@esbuild%2flinux-s390x 329ms (cache miss)
1437 silly packumentCache full:https://registry.npmjs.org/@esbuild%2flinux-s390x set size:undefined disposed:false
1438 silly fetch manifest @rollup/rollup-android-arm64@4.62.2
1439 silly packumentCache full:https://registry.npmjs.org/@rollup%2frollup-android-arm64 cache-miss
1440 http fetch GET 200 https://registry.npmjs.org/@esbuild%2fopenbsd-arm64 90ms (cache miss)
1441 silly packumentCache full:https://registry.npmjs.org/@esbuild%2fopenbsd-arm64 set size:undefined disposed:false
1442 silly fetch manifest @rollup/rollup-win32-arm64-msvc@4.62.2
1443 silly packumentCache full:https://registry.npmjs.org/@rollup%2frollup-win32-arm64-msvc cache-miss
1444 http fetch GET 200 https://registry.npmjs.org/@esbuild%2fwin32-arm64 336ms (cache miss)
1445 silly packumentCache full:https://registry.npmjs.org/@esbuild%2fwin32-arm64 set size:undefined disposed:false
1446 silly fetch manifest @rollup/rollup-freebsd-arm64@4.62.2
1447 silly packumentCache full:https://registry.npmjs.org/@rollup%2frollup-freebsd-arm64 cache-miss
1448 http fetch GET 200 https://registry.npmjs.org/@esbuild%2flinux-mips64el 88ms (cache miss)
1449 silly packumentCache full:https://registry.npmjs.org/@esbuild%2flinux-mips64el set size:undefined disposed:false
1450 silly fetch manifest @rollup/rollup-linux-arm64-gnu@4.62.2
1451 silly packumentCache full:https://registry.npmjs.org/@rollup%2frollup-linux-arm64-gnu cache-miss
1452 http fetch GET 200 https://registry.npmjs.org/@esbuild%2fopenharmony-arm64 75ms (cache miss)
1453 silly packumentCache full:https://registry.npmjs.org/@esbuild%2fopenharmony-arm64 set size:undefined disposed:false
1454 silly fetch manifest @rollup/rollup-linux-arm64-musl@4.62.2
1455 silly packumentCache full:https://registry.npmjs.org/@rollup%2frollup-linux-arm64-musl cache-miss
1456 http fetch GET 200 https://registry.npmjs.org/@rollup%2frollup-darwin-arm64 105ms (cache miss)
1457 silly packumentCache full:https://registry.npmjs.org/@rollup%2frollup-darwin-arm64 set size:undefined disposed:false
1458 silly fetch manifest @rollup/rollup-android-arm-eabi@4.62.2
1459 silly packumentCache full:https://registry.npmjs.org/@rollup%2frollup-android-arm-eabi cache-miss
1460 http fetch GET 200 https://registry.npmjs.org/@rollup%2frollup-freebsd-arm64 105ms (cache miss)
1461 silly packumentCache full:https://registry.npmjs.org/@rollup%2frollup-freebsd-arm64 set size:undefined disposed:false
1462 silly fetch manifest @rollup/rollup-linux-arm-gnueabihf@4.62.2
1463 silly packumentCache full:https://registry.npmjs.org/@rollup%2frollup-linux-arm-gnueabihf cache-miss
1464 http fetch GET 200 https://registry.npmjs.org/@rollup%2frollup-win32-arm64-msvc 117ms (cache miss)
1465 silly packumentCache full:https://registry.npmjs.org/@rollup%2frollup-win32-arm64-msvc set size:undefined disposed:false
1466 silly fetch manifest @rollup/rollup-linux-arm-musleabihf@4.62.2
1467 silly packumentCache full:https://registry.npmjs.org/@rollup%2frollup-linux-arm-musleabihf cache-miss
1468 http fetch GET 200 https://registry.npmjs.org/@rollup%2frollup-linux-arm64-musl 100ms (cache miss)
1469 silly packumentCache full:https://registry.npmjs.org/@rollup%2frollup-linux-arm64-musl set size:undefined disposed:false
1470 silly fetch manifest @rollup/rollup-win32-ia32-msvc@4.62.2
1471 silly packumentCache full:https://registry.npmjs.org/@rollup%2frollup-win32-ia32-msvc cache-miss
1472 http fetch GET 200 https://registry.npmjs.org/@esbuild%2ffreebsd-arm64 341ms (cache miss)
1473 silly packumentCache full:https://registry.npmjs.org/@esbuild%2ffreebsd-arm64 set size:undefined disposed:false
1474 silly fetch manifest @rollup/rollup-linux-loong64-gnu@4.62.2
1475 silly packumentCache full:https://registry.npmjs.org/@rollup%2frollup-linux-loong64-gnu cache-miss
1476 http fetch GET 200 https://registry.npmjs.org/@rollup%2frollup-linux-arm-gnueabihf 103ms (cache miss)
1477 silly packumentCache full:https://registry.npmjs.org/@rollup%2frollup-linux-arm-gnueabihf set size:undefined disposed:false
1478 silly fetch manifest @rollup/rollup-linux-loong64-musl@4.62.2
1479 silly packumentCache full:https://registry.npmjs.org/@rollup%2frollup-linux-loong64-musl cache-miss
1480 http fetch GET 200 https://registry.npmjs.org/@rollup%2frollup-win32-ia32-msvc 96ms (cache miss)
1481 silly packumentCache full:https://registry.npmjs.org/@rollup%2frollup-win32-ia32-msvc set size:undefined disposed:false
1482 silly fetch manifest @rollup/rollup-linux-riscv64-gnu@4.62.2
1483 silly packumentCache full:https://registry.npmjs.org/@rollup%2frollup-linux-riscv64-gnu cache-miss
1484 http fetch GET 200 https://registry.npmjs.org/@rollup%2frollup-linux-loong64-gnu 76ms (cache miss)
1485 silly packumentCache full:https://registry.npmjs.org/@rollup%2frollup-linux-loong64-gnu set size:undefined disposed:false
1486 silly fetch manifest @rollup/rollup-linux-riscv64-musl@4.62.2
1487 silly packumentCache full:https://registry.npmjs.org/@rollup%2frollup-linux-riscv64-musl cache-miss
1488 http fetch GET 200 https://registry.npmjs.org/@rollup%2frollup-android-arm64 289ms (cache miss)
1489 silly packumentCache full:https://registry.npmjs.org/@rollup%2frollup-android-arm64 set size:undefined disposed:false
1490 silly fetch manifest @rollup/rollup-linux-ppc64-gnu@4.62.2
1491 silly packumentCache full:https://registry.npmjs.org/@rollup%2frollup-linux-ppc64-gnu cache-miss
1492 http fetch GET 200 https://registry.npmjs.org/@rollup%2frollup-linux-arm64-gnu 280ms (cache miss)
1493 silly packumentCache full:https://registry.npmjs.org/@rollup%2frollup-linux-arm64-gnu set size:undefined disposed:false
1494 silly fetch manifest @rollup/rollup-linux-ppc64-musl@4.62.2
1495 silly packumentCache full:https://registry.npmjs.org/@rollup%2frollup-linux-ppc64-musl cache-miss
1496 http fetch GET 200 https://registry.npmjs.org/@rollup%2frollup-linux-riscv64-gnu 83ms (cache miss)
1497 silly packumentCache full:https://registry.npmjs.org/@rollup%2frollup-linux-riscv64-gnu set size:undefined disposed:false
1498 silly fetch manifest @rollup/rollup-linux-s390x-gnu@4.62.2
1499 silly packumentCache full:https://registry.npmjs.org/@rollup%2frollup-linux-s390x-gnu cache-miss
1500 http fetch GET 200 https://registry.npmjs.org/@rollup%2frollup-linux-riscv64-musl 83ms (cache miss)
1501 silly packumentCache full:https://registry.npmjs.org/@rollup%2frollup-linux-riscv64-musl set size:undefined disposed:false
1502 silly fetch manifest @rollup/rollup-darwin-x64@4.62.2
1503 silly packumentCache full:https://registry.npmjs.org/@rollup%2frollup-darwin-x64 cache-miss
1504 http fetch GET 200 https://registry.npmjs.org/@rollup%2frollup-android-arm-eabi 288ms (cache miss)
1505 silly packumentCache full:https://registry.npmjs.org/@rollup%2frollup-android-arm-eabi set size:undefined disposed:false
1506 silly fetch manifest @rollup/rollup-win32-x64-gnu@4.62.2
1507 silly packumentCache full:https://registry.npmjs.org/@rollup%2frollup-win32-x64-gnu cache-miss
1508 http fetch GET 200 https://registry.npmjs.org/@rollup%2frollup-linux-arm-musleabihf 274ms (cache miss)
1509 silly packumentCache full:https://registry.npmjs.org/@rollup%2frollup-linux-arm-musleabihf set size:undefined disposed:false
1510 silly fetch manifest @rollup/rollup-win32-x64-msvc@4.62.2
1511 silly packumentCache full:https://registry.npmjs.org/@rollup%2frollup-win32-x64-msvc cache-miss
1512 http fetch GET 200 https://registry.npmjs.org/@rollup%2frollup-linux-ppc64-musl 90ms (cache miss)
1513 silly packumentCache full:https://registry.npmjs.org/@rollup%2frollup-linux-ppc64-musl set size:undefined disposed:false
1514 silly fetch manifest @rollup/rollup-freebsd-x64@4.62.2
1515 silly packumentCache full:https://registry.npmjs.org/@rollup%2frollup-freebsd-x64 cache-miss
1516 http fetch GET 200 https://registry.npmjs.org/@rollup%2frollup-linux-ppc64-gnu 113ms (cache miss)
1517 silly packumentCache full:https://registry.npmjs.org/@rollup%2frollup-linux-ppc64-gnu set size:undefined disposed:false
1518 silly fetch manifest @rollup/rollup-linux-x64-gnu@4.62.2
1519 silly packumentCache full:https://registry.npmjs.org/@rollup%2frollup-linux-x64-gnu cache-miss
1520 http fetch GET 200 https://registry.npmjs.org/@rollup%2frollup-linux-s390x-gnu 90ms (cache miss)
1521 silly packumentCache full:https://registry.npmjs.org/@rollup%2frollup-linux-s390x-gnu set size:undefined disposed:false
1522 silly fetch manifest @rollup/rollup-linux-x64-musl@4.62.2
1523 silly packumentCache full:https://registry.npmjs.org/@rollup%2frollup-linux-x64-musl cache-miss
1524 http fetch GET 200 https://registry.npmjs.org/@rollup%2frollup-win32-x64-gnu 84ms (cache miss)
1525 silly packumentCache full:https://registry.npmjs.org/@rollup%2frollup-win32-x64-gnu set size:undefined disposed:false
1526 silly fetch manifest @rollup/rollup-openbsd-x64@4.62.2
1527 silly packumentCache full:https://registry.npmjs.org/@rollup%2frollup-openbsd-x64 cache-miss
1528 http fetch GET 200 https://registry.npmjs.org/@rollup%2frollup-win32-x64-msvc 93ms (cache miss)
1529 silly packumentCache full:https://registry.npmjs.org/@rollup%2frollup-win32-x64-msvc set size:undefined disposed:false
1530 silly fetch manifest @rollup/rollup-openharmony-arm64@4.62.2
1531 silly packumentCache full:https://registry.npmjs.org/@rollup%2frollup-openharmony-arm64 cache-miss
1532 http fetch GET 200 https://registry.npmjs.org/@rollup%2frollup-freebsd-x64 96ms (cache miss)
1533 silly packumentCache full:https://registry.npmjs.org/@rollup%2frollup-freebsd-x64 set size:undefined disposed:false
1534 http fetch GET 200 https://registry.npmjs.org/@rollup%2frollup-linux-x64-musl 97ms (cache miss)
1535 silly packumentCache full:https://registry.npmjs.org/@rollup%2frollup-linux-x64-musl set size:undefined disposed:false
1536 http fetch GET 200 https://registry.npmjs.org/@rollup%2frollup-linux-x64-gnu 112ms (cache miss)
1537 silly packumentCache full:https://registry.npmjs.org/@rollup%2frollup-linux-x64-gnu set size:undefined disposed:false
1538 http fetch GET 200 https://registry.npmjs.org/@rollup%2frollup-openharmony-arm64 78ms (cache miss)
1539 silly packumentCache full:https://registry.npmjs.org/@rollup%2frollup-openharmony-arm64 set size:undefined disposed:false
1540 http fetch GET 200 https://registry.npmjs.org/@rollup%2frollup-darwin-x64 351ms (cache miss)
1541 silly packumentCache full:https://registry.npmjs.org/@rollup%2frollup-darwin-x64 set size:undefined disposed:false
1542 http fetch GET 200 https://registry.npmjs.org/@rollup%2frollup-linux-loong64-musl 493ms (cache miss)
1543 silly packumentCache full:https://registry.npmjs.org/@rollup%2frollup-linux-loong64-musl set size:undefined disposed:false
1544 http fetch GET 200 https://registry.npmjs.org/@rollup%2frollup-openbsd-x64 270ms (cache miss)
1545 silly packumentCache full:https://registry.npmjs.org/@rollup%2frollup-openbsd-x64 set size:undefined disposed:false
1546 silly placeDep ROOT @esbuild/aix-ppc64@0.25.12 OK for: esbuild@0.25.12 want: 0.25.12
1547 silly placeDep ROOT @esbuild/android-arm@0.25.12 OK for: esbuild@0.25.12 want: 0.25.12
1548 silly placeDep ROOT @esbuild/android-arm64@0.25.12 OK for: esbuild@0.25.12 want: 0.25.12
1549 silly placeDep ROOT @esbuild/android-x64@0.25.12 OK for: esbuild@0.25.12 want: 0.25.12
1550 silly placeDep ROOT @esbuild/darwin-arm64@0.25.12 OK for: esbuild@0.25.12 want: 0.25.12
1551 silly placeDep ROOT @esbuild/darwin-x64@0.25.12 OK for: esbuild@0.25.12 want: 0.25.12
1552 silly placeDep ROOT @esbuild/freebsd-arm64@0.25.12 OK for: esbuild@0.25.12 want: 0.25.12
1553 silly placeDep ROOT @esbuild/freebsd-x64@0.25.12 OK for: esbuild@0.25.12 want: 0.25.12
1554 silly placeDep ROOT @esbuild/linux-arm@0.25.12 OK for: esbuild@0.25.12 want: 0.25.12
1555 silly placeDep ROOT @esbuild/linux-arm64@0.25.12 OK for: esbuild@0.25.12 want: 0.25.12
1556 silly placeDep ROOT @esbuild/linux-ia32@0.25.12 OK for: esbuild@0.25.12 want: 0.25.12
1557 silly placeDep ROOT @esbuild/linux-loong64@0.25.12 OK for: esbuild@0.25.12 want: 0.25.12
1558 silly placeDep ROOT @esbuild/linux-mips64el@0.25.12 OK for: esbuild@0.25.12 want: 0.25.12
1559 silly placeDep ROOT @esbuild/linux-ppc64@0.25.12 OK for: esbuild@0.25.12 want: 0.25.12
1560 silly placeDep ROOT @esbuild/linux-riscv64@0.25.12 OK for: esbuild@0.25.12 want: 0.25.12
1561 silly placeDep ROOT @esbuild/linux-s390x@0.25.12 OK for: esbuild@0.25.12 want: 0.25.12
1562 silly placeDep ROOT @esbuild/linux-x64@0.25.12 OK for: esbuild@0.25.12 want: 0.25.12
1563 silly placeDep ROOT @esbuild/netbsd-arm64@0.25.12 OK for: esbuild@0.25.12 want: 0.25.12
1564 silly placeDep ROOT @esbuild/netbsd-x64@0.25.12 OK for: esbuild@0.25.12 want: 0.25.12
1565 silly placeDep ROOT @esbuild/openbsd-arm64@0.25.12 OK for: esbuild@0.25.12 want: 0.25.12
1566 silly placeDep ROOT @esbuild/openbsd-x64@0.25.12 OK for: esbuild@0.25.12 want: 0.25.12
1567 silly placeDep ROOT @esbuild/openharmony-arm64@0.25.12 OK for: esbuild@0.25.12 want: 0.25.12
1568 silly placeDep ROOT @esbuild/sunos-x64@0.25.12 OK for: esbuild@0.25.12 want: 0.25.12
1569 silly placeDep ROOT @esbuild/win32-arm64@0.25.12 OK for: esbuild@0.25.12 want: 0.25.12
1570 silly placeDep ROOT @esbuild/win32-ia32@0.25.12 OK for: esbuild@0.25.12 want: 0.25.12
1571 silly placeDep ROOT @esbuild/win32-x64@0.25.12 OK for: esbuild@0.25.12 want: 0.25.12
1572 silly placeDep ROOT @rollup/rollup-android-arm-eabi@4.62.2 OK for: rollup@4.62.2 want: 4.62.2
1573 silly placeDep ROOT @rollup/rollup-android-arm64@4.62.2 OK for: rollup@4.62.2 want: 4.62.2
1574 silly placeDep ROOT @rollup/rollup-darwin-arm64@4.62.2 OK for: rollup@4.62.2 want: 4.62.2
1575 silly placeDep ROOT @rollup/rollup-darwin-x64@4.62.2 OK for: rollup@4.62.2 want: 4.62.2
1576 silly placeDep ROOT @rollup/rollup-freebsd-arm64@4.62.2 OK for: rollup@4.62.2 want: 4.62.2
1577 silly placeDep ROOT @rollup/rollup-freebsd-x64@4.62.2 OK for: rollup@4.62.2 want: 4.62.2
1578 silly placeDep ROOT @rollup/rollup-linux-arm-gnueabihf@4.62.2 OK for: rollup@4.62.2 want: 4.62.2
1579 silly placeDep ROOT @rollup/rollup-linux-arm-musleabihf@4.62.2 OK for: rollup@4.62.2 want: 4.62.2
1580 silly placeDep ROOT @rollup/rollup-linux-arm64-gnu@4.62.2 OK for: rollup@4.62.2 want: 4.62.2
1581 silly placeDep ROOT @rollup/rollup-linux-arm64-musl@4.62.2 OK for: rollup@4.62.2 want: 4.62.2
1582 silly placeDep ROOT @rollup/rollup-linux-loong64-gnu@4.62.2 OK for: rollup@4.62.2 want: 4.62.2
1583 silly placeDep ROOT @rollup/rollup-linux-loong64-musl@4.62.2 OK for: rollup@4.62.2 want: 4.62.2
1584 silly placeDep ROOT @rollup/rollup-linux-ppc64-gnu@4.62.2 OK for: rollup@4.62.2 want: 4.62.2
1585 silly placeDep ROOT @rollup/rollup-linux-ppc64-musl@4.62.2 OK for: rollup@4.62.2 want: 4.62.2
1586 silly placeDep ROOT @rollup/rollup-linux-riscv64-gnu@4.62.2 OK for: rollup@4.62.2 want: 4.62.2
1587 silly placeDep ROOT @rollup/rollup-linux-riscv64-musl@4.62.2 OK for: rollup@4.62.2 want: 4.62.2
1588 silly placeDep ROOT @rollup/rollup-linux-s390x-gnu@4.62.2 OK for: rollup@4.62.2 want: 4.62.2
1589 silly placeDep ROOT @rollup/rollup-linux-x64-gnu@4.62.2 OK for: rollup@4.62.2 want: 4.62.2
1590 silly placeDep ROOT @rollup/rollup-linux-x64-musl@4.62.2 OK for: rollup@4.62.2 want: 4.62.2
1591 silly placeDep ROOT @rollup/rollup-openbsd-x64@4.62.2 OK for: rollup@4.62.2 want: 4.62.2
1592 silly placeDep ROOT @rollup/rollup-openharmony-arm64@4.62.2 OK for: rollup@4.62.2 want: 4.62.2
1593 silly placeDep ROOT @rollup/rollup-win32-arm64-msvc@4.62.2 OK for: rollup@4.62.2 want: 4.62.2
1594 silly placeDep ROOT @rollup/rollup-win32-ia32-msvc@4.62.2 OK for: rollup@4.62.2 want: 4.62.2
1595 silly placeDep ROOT @rollup/rollup-win32-x64-gnu@4.62.2 OK for: rollup@4.62.2 want: 4.62.2
1596 silly placeDep ROOT @rollup/rollup-win32-x64-msvc@4.62.2 OK for: rollup@4.62.2 want: 4.62.2
1597 silly placeDep ROOT isexe@2.0.0 OK for: which@2.0.2 want: ^2.0.0
1598 silly placeDep node_modules/@typescript-eslint/typescript-estree brace-expansion@5.0.7 OK for: minimatch@10.2.5 want: ^5.0.5
1599 silly fetch manifest balanced-match@^4.0.2
1600 silly packumentCache full:https://registry.npmjs.org/balanced-match cache-miss
1601 http cache https://registry.npmjs.org/balanced-match 6ms (cache hit)
1602 silly packumentCache full:https://registry.npmjs.org/balanced-match set size:39082 disposed:false
1603 silly placeDep node_modules/@typescript-eslint/typescript-estree balanced-match@4.0.4 OK for: brace-expansion@5.0.7 want: ^4.0.2
1604 silly reify moves {}
1605 silly audit bulk request {
1605 silly audit   '@eslint/js': [ '9.39.5' ],
1605 silly audit   '@mahe-npm/common': [ '1.1.2' ],
1605 silly audit   '@tailwindcss/vite': [ '4.3.3' ],
1605 silly audit   '@types/node': [ '22.20.1' ],
1605 silly audit   '@types/react': [ '18.3.31' ],
1605 silly audit   '@types/react-dom': [ '18.3.7' ],
1605 silly audit   '@vitejs/plugin-react': [ '4.7.0' ],
1605 silly audit   autoprefixer: [ '10.5.4' ],
1605 silly audit   axios: [ '1.18.1' ],
1605 silly audit   dotenv: [ '16.6.1' ],
1605 silly audit   eslint: [ '9.39.5' ],
1605 silly audit   'eslint-plugin-react-hooks': [ '5.2.0' ],
1605 silly audit   'eslint-plugin-react-refresh': [ '0.4.26' ],
1605 silly audit   globals: [ '15.15.0', '14.0.0' ],
1605 silly audit   postcss: [ '8.5.22' ],
1605 silly audit   react: [ '18.3.1' ],
1605 silly audit   'react-dom': [ '18.3.1' ],
1605 silly audit   'react-router': [ '7.18.1' ],
1605 silly audit   'react-toastify': [ '11.1.0' ],
1605 silly audit   tailwindcss: [ '4.3.3' ],
1605 silly audit   typescript: [ '5.6.3' ],
1605 silly audit   'typescript-eslint': [ '8.65.0' ],
1605 silly audit   vite: [ '6.4.3' ],
1605 silly audit   zod: [ '3.25.76' ],
1605 silly audit   '@tailwindcss/node': [ '4.3.3' ],
1605 silly audit   '@tailwindcss/oxide': [ '4.3.3' ],
1605 silly audit   '@jridgewell/remapping': [ '2.3.5' ],
1605 silly audit   'enhanced-resolve': [ '5.24.3' ],
1605 silly audit   jiti: [ '2.7.0' ],
1605 silly audit   lightningcss: [ '1.32.0' ],
1605 silly audit   'magic-string': [ '0.30.21' ],
1605 silly audit   'source-map-js': [ '1.2.1' ],
1605 silly audit   '@jridgewell/gen-mapping': [ '0.3.13' ],
1605 silly audit   '@jridgewell/trace-mapping': [ '0.3.31' ],
1605 silly audit   '@jridgewell/sourcemap-codec': [ '1.5.5' ],
1605 silly audit   '@jridgewell/resolve-uri': [ '3.1.2' ],
1605 silly audit   '@tailwindcss/oxide-android-arm64': [ '4.3.3' ],
1605 silly audit   '@tailwindcss/oxide-darwin-arm64': [ '4.3.3' ],
1605 silly audit   '@tailwindcss/oxide-darwin-x64': [ '4.3.3' ],
1605 silly audit   '@tailwindcss/oxide-freebsd-x64': [ '4.3.3' ],
1605 silly audit   '@tailwindcss/oxide-linux-arm-gnueabihf': [ '4.3.3' ],
1605 silly audit   '@tailwindcss/oxide-linux-arm64-gnu': [ '4.3.3' ],
1605 silly audit   '@tailwindcss/oxide-linux-arm64-musl': [ '4.3.3' ],
1605 silly audit   '@tailwindcss/oxide-linux-x64-gnu': [ '4.3.3' ],
1605 silly audit   '@tailwindcss/oxide-linux-x64-musl': [ '4.3.3' ],
1605 silly audit   '@tailwindcss/oxide-wasm32-wasi': [ '4.3.3' ],
1605 silly audit   '@tailwindcss/oxide-win32-arm64-msvc': [ '4.3.3' ],
1605 silly audit   '@tailwindcss/oxide-win32-x64-msvc': [ '4.3.3' ],
1605 silly audit   'undici-types': [ '6.21.0' ],
1605 silly audit   '@types/prop-types': [ '15.7.15' ],
1605 silly audit   csstype: [ '3.2.3' ],
1605 silly audit   '@babel/core': [ '7.29.7' ],
1605 silly audit   '@babel/plugin-transform-react-jsx-self': [ '7.29.7' ],
1605 silly audit   '@babel/plugin-transform-react-jsx-source': [ '7.29.7' ],
1605 silly audit   '@rolldown/pluginutils': [ '1.0.0-beta.27' ],
1605 silly audit   '@types/babel__core': [ '7.20.5' ],
1605 silly audit   'react-refresh': [ '0.17.0' ],
1605 silly audit   '@babel/code-frame': [ '7.29.7' ],
1605 silly audit   '@babel/generator': [ '7.29.7' ],
1605 silly audit   '@babel/helper-compilation-targets': [ '7.29.7' ],
1605 silly audit   '@babel/helper-module-transforms': [ '7.29.7' ],
1605 silly audit   '@babel/helpers': [ '7.29.7' ],
1605 silly audit   '@babel/parser': [ '7.29.7' ],
1605 silly audit   '@babel/template': [ '7.29.7' ],
1605 silly audit   '@babel/traverse': [ '7.29.7' ],
1605 silly audit   '@babel/types': [ '7.29.7' ],
1605 silly audit   'convert-source-map': [ '2.0.0' ],
1605 silly audit   debug: [ '4.4.3' ],
1605 silly audit   gensync: [ '1.0.0-beta.2' ],
1605 silly audit   json5: [ '2.2.3' ],
1605 silly audit   semver: [ '6.3.1', '7.8.5' ],
1605 silly audit   '@babel/helper-validator-identifier': [ '7.29.7' ],
1605 silly audit   'js-tokens': [ '4.0.0' ],
1605 silly audit   picocolors: [ '1.1.1' ],
1605 silly audit   jsesc: [ '3.1.0' ],
1605 silly audit   '@babel/compat-data': [ '7.29.7' ],
1605 silly audit   '@babel/helper-validator-option': [ '7.29.7' ],
1605 silly audit   browserslist: [ '4.28.7' ],
1605 silly audit   'lru-cache': [ '5.1.1' ],
1605 silly audit   '@babel/helper-module-imports': [ '7.29.7' ],
1605 silly audit   '@babel/helper-plugin-utils': [ '7.29.7' ],
1605 silly audit   '@babel/helper-globals': [ '7.29.7' ],
1605 silly audit   '@babel/helper-string-parser': [ '7.29.7' ],
1605 silly audit   '@types/babel__generator': [ '7.27.0' ],
1605 silly audit   '@types/babel__template': [ '7.4.4' ],
1605 silly audit   '@types/babel__traverse': [ '7.28.0' ],
1605 silly audit   'caniuse-lite': [ '1.0.30001806' ],
1605 silly audit   'fraction.js': [ '5.3.4' ],
1605 silly audit   'postcss-value-parser': [ '4.2.0' ],
1605 silly audit   'follow-redirects': [ '1.16.0' ],
1605 silly audit   'form-data': [ '4.0.6' ],
1605 silly audit   'https-proxy-agent': [ '5.0.1' ],
1605 silly audit   'proxy-from-env': [ '2.1.0' ],
1605 silly audit   'baseline-browser-mapping': [ '2.11.1' ],
1605 silly audit   'electron-to-chromium': [ '1.5.395' ],
1605 silly audit   'node-releases': [ '2.0.51' ],
1605 silly audit   'update-browserslist-db': [ '1.2.3' ],
1605 silly audit   ms: [ '2.1.3' ],
1605 silly audit   'graceful-fs': [ '4.2.11' ],
1605 silly audit   tapable: [ '2.3.3' ],
1605 silly audit   '@eslint-community/eslint-utils': [ '4.10.1' ],
1605 silly audit   '@eslint-community/regexpp': [ '4.12.2' ],
1605 silly audit   '@eslint/config-array': [ '0.21.2' ],
1605 silly audit   '@eslint/config-helpers': [ '0.4.2' ],
1605 silly audit   '@eslint/core': [ '0.17.0' ],
1605 silly audit   '@eslint/eslintrc': [ '3.3.6' ],
1605 silly audit   '@eslint/plugin-kit': [ '0.4.1' ],
1605 silly audit   '@humanfs/node': [ '0.16.8' ],
1605 silly audit   '@humanwhocodes/module-importer': [ '1.0.1' ],
1605 silly audit   '@humanwhocodes/retry': [ '0.4.3' ],
1605 silly audit   '@types/estree': [ '1.0.9' ],
1605 silly audit   ajv: [ '6.15.0' ],
1605 silly audit   chalk: [ '4.1.2' ],
1605 silly audit   'cross-spawn': [ '7.0.6' ],
1605 silly audit   'escape-string-regexp': [ '4.0.0' ],
1605 silly audit   'eslint-scope': [ '8.4.0' ],
1605 silly audit   'eslint-visitor-keys': [ '4.2.1', '3.4.3', '5.0.1' ],
1605 silly audit   espree: [ '10.4.0' ],
1605 silly audit   esquery: [ '1.7.0' ],
1605 silly audit   esutils: [ '2.0.3' ],
1605 silly audit   'fast-deep-equal': [ '3.1.3' ],
1605 silly audit   'file-entry-cache': [ '8.0.0' ],
1605 silly audit   'find-up': [ '5.0.0' ],
1605 silly audit   'glob-parent': [ '6.0.2' ],
1605 silly audit   ignore: [ '5.3.2', '7.0.6' ],
1605 silly audit   imurmurhash: [ '0.1.4' ],
1605 silly audit   'is-glob': [ '4.0.3' ],
1605 silly audit   'json-stable-stringify-without-jsonify': [ '1.0.1' ],
1605 silly audit   'lodash.merge': [ '4.6.2' ],
1605 silly audit   minimatch: [ '3.1.5', '10.2.5' ],
1605 silly audit   'natural-compare': [ '1.4.0' ],
1605 silly audit   optionator: [ '0.9.4' ],
1605 silly audit   '@eslint/object-schema': [ '2.1.7' ],
1605 silly audit   '@types/json-schema': [ '7.0.15' ],
1605 silly audit   'import-fresh': [ '3.3.1' ],
1605 silly audit   'js-yaml': [ '4.3.0' ],
1605 silly audit   'strip-json-comments': [ '3.1.1' ],
1605 silly audit   levn: [ '0.4.1' ],
1605 silly audit   '@humanfs/core': [ '0.19.2' ],
1605 silly audit   '@humanfs/types': [ '0.15.0' ],
1605 silly audit   'fast-json-stable-stringify': [ '2.1.0' ],
1605 silly audit   'json-schema-traverse': [ '0.4.1' ],
1605 silly audit   'uri-js': [ '4.4.1' ],
1605 silly audit   'ansi-styles': [ '4.3.0' ],
1605 silly audit   'supports-color': [ '7.2.0' ],
1605 silly audit   'color-convert': [ '2.0.1' ],
1605 silly audit   'color-name': [ '1.1.4' ],
1605 silly audit   'path-key': [ '3.1.1' ],
1605 silly audit   'shebang-command': [ '2.0.0' ],
1605 silly audit   which: [ '2.0.2' ],
1605 silly audit   esrecurse: [ '4.3.0' ],
1605 silly audit   estraverse: [ '5.3.0' ],
1605 silly audit   acorn: [ '8.17.0' ],
1605 silly audit   'acorn-jsx': [ '5.3.2' ],
1605 silly audit   'flat-cache': [ '4.0.1' ],
1605 silly audit   'locate-path': [ '6.0.0' ],
1605 silly audit   'path-exists': [ '4.0.0' ],
1605 silly audit   flatted: [ '3.4.3' ],
1605 silly audit   keyv: [ '4.5.4' ],
1605 silly audit   asynckit: [ '0.4.0' ],
1605 silly audit   'combined-stream': [ '1.0.8' ],
1605 silly audit   'es-set-tostringtag': [ '2.1.0' ],
1605 silly audit   hasown: [ '2.0.4' ],
1605 silly audit   'mime-types': [ '2.1.35' ],
1605 silly audit   'delayed-stream': [ '1.0.0' ],
1605 silly audit   'es-errors': [ '1.3.0' ],
1605 silly audit   'get-intrinsic': [ '1.3.0' ],
1605 silly audit   'has-tostringtag': [ '1.0.2' ],
1605 silly audit   'call-bind-apply-helpers': [ '1.0.2' ],
1605 silly audit   'es-define-property': [ '1.0.1' ],
1605 silly audit   'es-object-atoms': [ '1.1.2' ],
1605 silly audit   'function-bind': [ '1.1.2' ],
1605 silly audit   'get-proto': [ '1.0.1' ],
1605 silly audit   gopd: [ '1.2.0' ],
1605 silly audit   'has-symbols': [ '1.1.0' ],
1605 silly audit   'math-intrinsics': [ '1.1.0' ],
1605 silly audit   'dunder-proto': [ '1.0.1' ],
1605 silly audit   'agent-base': [ '6.0.2' ],
1605 silly audit   'parent-module': [ '1.0.1' ],
1605 silly audit   'resolve-from': [ '4.0.0' ],
1605 silly audit   'is-extglob': [ '2.1.1' ],
1605 silly audit   argparse: [ '2.0.1' ],
1605 silly audit   'json-buffer': [ '3.0.1' ],
1605 silly audit   'prelude-ls': [ '1.2.1' ],
1605 silly audit   'type-check': [ '0.4.0' ],
1605 silly audit   'detect-libc': [ '2.1.2' ],
1605 silly audit   'lightningcss-android-arm64': [ '1.32.0' ],
1605 silly audit   'lightningcss-darwin-arm64': [ '1.32.0' ],
1605 silly audit   'lightningcss-darwin-x64': [ '1.32.0' ],
1605 silly audit   'lightningcss-freebsd-x64': [ '1.32.0' ],
1605 silly audit   'lightningcss-linux-arm-gnueabihf': [ '1.32.0' ],
1605 silly audit   'lightningcss-linux-arm64-gnu': [ '1.32.0' ],
1605 silly audit   'lightningcss-linux-arm64-musl': [ '1.32.0' ],
1605 silly audit   'lightningcss-linux-x64-gnu': [ '1.32.0' ],
1605 silly audit   'lightningcss-linux-x64-musl': [ '1.32.0' ],
1605 silly audit   'lightningcss-win32-arm64-msvc': [ '1.32.0' ],
1605 silly audit   'lightningcss-win32-x64-msvc': [ '1.32.0' ],
1605 silly audit   'p-locate': [ '5.0.0' ],
1605 silly audit   yallist: [ '3.1.1' ],
1605 silly audit   'mime-db': [ '1.52.0' ],
1605 silly audit   'brace-expansion': [ '1.1.16', '5.0.7' ],
1605 silly audit   'balanced-match': [ '1.0.2', '4.0.4' ],
1605 silly audit   'concat-map': [ '0.0.1' ],
1605 silly audit   'deep-is': [ '0.1.4' ],
1605 silly audit   'fast-levenshtein': [ '2.0.6' ],
1605 silly audit   'word-wrap': [ '1.2.5' ],
1605 silly audit   'p-limit': [ '3.1.0' ],
1605 silly audit   'yocto-queue': [ '0.1.0' ],
1605 silly audit   callsites: [ '3.1.0' ],
1605 silly audit   nanoid: [ '3.3.16' ],
1605 silly audit   'loose-envify': [ '1.4.0' ],
1605 silly audit   scheduler: [ '0.23.2' ],
1605 silly audit   cookie: [ '1.1.1' ],
1605 silly audit   'set-cookie-parser': [ '2.7.2' ],
1605 silly audit   clsx: [ '2.1.1' ],
1605 silly audit   'shebang-regex': [ '3.0.0' ],
1605 silly audit   'has-flag': [ '4.0.0' ],
1605 silly audit   '@typescript-eslint/eslint-plugin': [ '8.65.0' ],
1605 silly audit   '@typescript-eslint/parser': [ '8.65.0' ],
1605 silly audit   '@typescript-eslint/typescript-estree': [ '8.65.0' ],
1605 silly audit   '@typescript-eslint/utils': [ '8.65.0' ],
1605 silly audit   '@typescript-eslint/scope-manager': [ '8.65.0' ],
1605 silly audit   '@typescript-eslint/type-utils': [ '8.65.0' ],
1605 silly audit   '@typescript-eslint/visitor-keys': [ '8.65.0' ],
1605 silly audit   'ts-api-utils': [ '2.5.0' ],
1605 silly audit   '@typescript-eslint/types': [ '8.65.0' ],
1605 silly audit   '@typescript-eslint/project-service': [ '8.65.0' ],
1605 silly audit   '@typescript-eslint/tsconfig-utils': [ '8.65.0' ],
1605 silly audit   tinyglobby: [ '0.2.17' ],
1605 silly audit   fdir: [ '6.5.0' ],
1605 silly audit   picomatch: [ '4.0.5' ],
1605 silly audit   escalade: [ '3.2.0' ],
1605 silly audit   punycode: [ '2.3.1' ],
1605 silly audit   esbuild: [ '0.25.12' ],
1605 silly audit   fsevents: [ '2.3.3' ],
1605 silly audit   rollup: [ '4.62.2' ],
1605 silly audit   '@esbuild/aix-ppc64': [ '0.25.12' ],
1605 silly audit   '@esbuild/android-arm': [ '0.25.12' ],
1605 silly audit   '@esbuild/android-arm64': [ '0.25.12' ],
1605 silly audit   '@esbuild/android-x64': [ '0.25.12' ],
1605 silly audit   '@esbuild/darwin-arm64': [ '0.25.12' ],
1605 silly audit   '@esbuild/darwin-x64': [ '0.25.12' ],
1605 silly audit   '@esbuild/freebsd-arm64': [ '0.25.12' ],
1605 silly audit   '@esbuild/freebsd-x64': [ '0.25.12' ],
1605 silly audit   '@esbuild/linux-arm': [ '0.25.12' ],
1605 silly audit   '@esbuild/linux-arm64': [ '0.25.12' ],
1605 silly audit   '@esbuild/linux-ia32': [ '0.25.12' ],
1605 silly audit   '@esbuild/linux-loong64': [ '0.25.12' ],
1605 silly audit   '@esbuild/linux-mips64el': [ '0.25.12' ],
1605 silly audit   '@esbuild/linux-ppc64': [ '0.25.12' ],
1605 silly audit   '@esbuild/linux-riscv64': [ '0.25.12' ],
1605 silly audit   '@esbuild/linux-s390x': [ '0.25.12' ],
1605 silly audit   '@esbuild/linux-x64': [ '0.25.12' ],
1605 silly audit   '@esbuild/netbsd-arm64': [ '0.25.12' ],
1605 silly audit   '@esbuild/netbsd-x64': [ '0.25.12' ],
1605 silly audit   '@esbuild/openbsd-arm64': [ '0.25.12' ],
1605 silly audit   '@esbuild/openbsd-x64': [ '0.25.12' ],
1605 silly audit   '@esbuild/openharmony-arm64': [ '0.25.12' ],
1605 silly audit   '@esbuild/sunos-x64': [ '0.25.12' ],
1605 silly audit   '@esbuild/win32-arm64': [ '0.25.12' ],
1605 silly audit   '@esbuild/win32-ia32': [ '0.25.12' ],
1605 silly audit   '@esbuild/win32-x64': [ '0.25.12' ],
1605 silly audit   '@rollup/rollup-android-arm-eabi': [ '4.62.2' ],
1605 silly audit   '@rollup/rollup-android-arm64': [ '4.62.2' ],
1605 silly audit   '@rollup/rollup-darwin-arm64': [ '4.62.2' ],
1605 silly audit   '@rollup/rollup-darwin-x64': [ '4.62.2' ],
1605 silly audit   '@rollup/rollup-freebsd-arm64': [ '4.62.2' ],
1605 silly audit   '@rollup/rollup-freebsd-x64': [ '4.62.2' ],
1605 silly audit   '@rollup/rollup-linux-arm-gnueabihf': [ '4.62.2' ],
1605 silly audit   '@rollup/rollup-linux-arm-musleabihf': [ '4.62.2' ],
1605 silly audit   '@rollup/rollup-linux-arm64-gnu': [ '4.62.2' ],
1605 silly audit   '@rollup/rollup-linux-arm64-musl': [ '4.62.2' ],
1605 silly audit   '@rollup/rollup-linux-loong64-gnu': [ '4.62.2' ],
1605 silly audit   '@rollup/rollup-linux-loong64-musl': [ '4.62.2' ],
1605 silly audit   '@rollup/rollup-linux-ppc64-gnu': [ '4.62.2' ],
1605 silly audit   '@rollup/rollup-linux-ppc64-musl': [ '4.62.2' ],
1605 silly audit   '@rollup/rollup-linux-riscv64-gnu': [ '4.62.2' ],
1605 silly audit   '@rollup/rollup-linux-riscv64-musl': [ '4.62.2' ],
1605 silly audit   '@rollup/rollup-linux-s390x-gnu': [ '4.62.2' ],
1605 silly audit   '@rollup/rollup-linux-x64-gnu': [ '4.62.2' ],
1605 silly audit   '@rollup/rollup-linux-x64-musl': [ '4.62.2' ],
1605 silly audit   '@rollup/rollup-openbsd-x64': [ '4.62.2' ],
1605 silly audit   '@rollup/rollup-openharmony-arm64': [ '4.62.2' ],
1605 silly audit   '@rollup/rollup-win32-arm64-msvc': [ '4.62.2' ],
1605 silly audit   '@rollup/rollup-win32-ia32-msvc': [ '4.62.2' ],
1605 silly audit   '@rollup/rollup-win32-x64-gnu': [ '4.62.2' ],
1605 silly audit   '@rollup/rollup-win32-x64-msvc': [ '4.62.2' ],
1605 silly audit   isexe: [ '2.0.0' ]
1605 silly audit }
1606 http cache @rollup/rollup-darwin-arm64@https://registry.npmjs.org/@rollup/rollup-darwin-arm64/-/rollup-darwin-arm64-4.62.2.tgz 0ms (cache hit)
1607 http cache isexe@https://registry.npmjs.org/isexe/-/isexe-2.0.0.tgz 0ms (cache hit)
1608 http cache rollup@https://registry.npmjs.org/rollup/-/rollup-4.62.2.tgz 0ms (cache hit)
1609 http cache esbuild@https://registry.npmjs.org/esbuild/-/esbuild-0.25.12.tgz 0ms (cache hit)
1610 http cache escalade@https://registry.npmjs.org/escalade/-/escalade-3.2.0.tgz 0ms (cache hit)
1611 http cache fdir@https://registry.npmjs.org/fdir/-/fdir-6.5.0.tgz 0ms (cache hit)
1612 http cache @typescript-eslint/tsconfig-utils@https://registry.npmjs.org/@typescript-eslint/tsconfig-utils/-/tsconfig-utils-8.65.0.tgz 0ms (cache hit)
1613 http cache @typescript-eslint/types@https://registry.npmjs.org/@typescript-eslint/types/-/types-8.65.0.tgz 0ms (cache hit)
1614 http cache @typescript-eslint/project-service@https://registry.npmjs.org/@typescript-eslint/project-service/-/project-service-8.65.0.tgz 0ms (cache hit)
1615 http cache ts-api-utils@https://registry.npmjs.org/ts-api-utils/-/ts-api-utils-2.5.0.tgz 0ms (cache hit)
1616 http cache fsevents@https://registry.npmjs.org/fsevents/-/fsevents-2.3.3.tgz 0ms (cache hit)
1617 http cache @esbuild/darwin-arm64@https://registry.npmjs.org/@esbuild/darwin-arm64/-/darwin-arm64-0.25.12.tgz 0ms (cache hit)
1618 http cache @typescript-eslint/visitor-keys@https://registry.npmjs.org/@typescript-eslint/visitor-keys/-/visitor-keys-8.65.0.tgz 0ms (cache hit)
1619 http cache picomatch@https://registry.npmjs.org/picomatch/-/picomatch-4.0.5.tgz 0ms (cache hit)
1620 http cache @typescript-eslint/scope-manager@https://registry.npmjs.org/@typescript-eslint/scope-manager/-/scope-manager-8.65.0.tgz 0ms (cache hit)
1621 http cache @typescript-eslint/utils@https://registry.npmjs.org/@typescript-eslint/utils/-/utils-8.65.0.tgz 0ms (cache hit)
1622 http cache tinyglobby@https://registry.npmjs.org/tinyglobby/-/tinyglobby-0.2.17.tgz 0ms (cache hit)
1623 http cache @typescript-eslint/typescript-estree@https://registry.npmjs.org/@typescript-eslint/typescript-estree/-/typescript-estree-8.65.0.tgz 0ms (cache hit)
1624 http cache punycode@https://registry.npmjs.org/punycode/-/punycode-2.3.1.tgz 0ms (cache hit)
1625 http cache @typescript-eslint/type-utils@https://registry.npmjs.org/@typescript-eslint/type-utils/-/type-utils-8.65.0.tgz 0ms (cache hit)
1626 http cache @typescript-eslint/parser@https://registry.npmjs.org/@typescript-eslint/parser/-/parser-8.65.0.tgz 0ms (cache hit)
1627 http cache clsx@https://registry.npmjs.org/clsx/-/clsx-2.1.1.tgz 0ms (cache hit)
1628 http cache set-cookie-parser@https://registry.npmjs.org/set-cookie-parser/-/set-cookie-parser-2.7.2.tgz 0ms (cache hit)
1629 http cache @typescript-eslint/eslint-plugin@https://registry.npmjs.org/@typescript-eslint/eslint-plugin/-/eslint-plugin-8.65.0.tgz 0ms (cache hit)
1630 http cache has-flag@https://registry.npmjs.org/has-flag/-/has-flag-4.0.0.tgz 0ms (cache hit)
1631 http cache scheduler@https://registry.npmjs.org/scheduler/-/scheduler-0.23.2.tgz 0ms (cache hit)
1632 http cache shebang-regex@https://registry.npmjs.org/shebang-regex/-/shebang-regex-3.0.0.tgz 0ms (cache hit)
1633 http cache cookie@https://registry.npmjs.org/cookie/-/cookie-1.1.1.tgz 0ms (cache hit)
1634 http cache nanoid@https://registry.npmjs.org/nanoid/-/nanoid-3.3.16.tgz 0ms (cache hit)
1635 http cache callsites@https://registry.npmjs.org/callsites/-/callsites-3.1.0.tgz 0ms (cache hit)
1636 http cache word-wrap@https://registry.npmjs.org/word-wrap/-/word-wrap-1.2.5.tgz 0ms (cache hit)
1637 http cache p-limit@https://registry.npmjs.org/p-limit/-/p-limit-3.1.0.tgz 0ms (cache hit)
1638 http cache loose-envify@https://registry.npmjs.org/loose-envify/-/loose-envify-1.4.0.tgz 0ms (cache hit)
1639 http cache concat-map@https://registry.npmjs.org/concat-map/-/concat-map-0.0.1.tgz 0ms (cache hit)
1640 http cache fast-levenshtein@https://registry.npmjs.org/fast-levenshtein/-/fast-levenshtein-2.0.6.tgz 0ms (cache hit)
1641 http cache yocto-queue@https://registry.npmjs.org/yocto-queue/-/yocto-queue-0.1.0.tgz 0ms (cache hit)
1642 http cache deep-is@https://registry.npmjs.org/deep-is/-/deep-is-0.1.4.tgz 0ms (cache hit)
1643 http cache brace-expansion@https://registry.npmjs.org/brace-expansion/-/brace-expansion-1.1.16.tgz 0ms (cache hit)
1644 http cache balanced-match@https://registry.npmjs.org/balanced-match/-/balanced-match-1.0.2.tgz 0ms (cache hit)
1645 http cache yallist@https://registry.npmjs.org/yallist/-/yallist-3.1.1.tgz 0ms (cache hit)
1646 http cache lightningcss-darwin-arm64@https://registry.npmjs.org/lightningcss-darwin-arm64/-/lightningcss-darwin-arm64-1.32.0.tgz 0ms (cache hit)
1647 http cache p-locate@https://registry.npmjs.org/p-locate/-/p-locate-5.0.0.tgz 0ms (cache hit)
1648 http cache detect-libc@https://registry.npmjs.org/detect-libc/-/detect-libc-2.1.2.tgz 0ms (cache hit)
1649 http cache type-check@https://registry.npmjs.org/type-check/-/type-check-0.4.0.tgz 0ms (cache hit)
1650 http cache prelude-ls@https://registry.npmjs.org/prelude-ls/-/prelude-ls-1.2.1.tgz 0ms (cache hit)
1651 http cache mime-db@https://registry.npmjs.org/mime-db/-/mime-db-1.52.0.tgz 0ms (cache hit)
1652 http cache json-buffer@https://registry.npmjs.org/json-buffer/-/json-buffer-3.0.1.tgz 0ms (cache hit)
1653 http cache agent-base@https://registry.npmjs.org/agent-base/-/agent-base-6.0.2.tgz 0ms (cache hit)
1654 http cache resolve-from@https://registry.npmjs.org/resolve-from/-/resolve-from-4.0.0.tgz 0ms (cache hit)
1655 http cache parent-module@https://registry.npmjs.org/parent-module/-/parent-module-1.0.1.tgz 0ms (cache hit)
1656 http cache dunder-proto@https://registry.npmjs.org/dunder-proto/-/dunder-proto-1.0.1.tgz 0ms (cache hit)
1657 http cache math-intrinsics@https://registry.npmjs.org/math-intrinsics/-/math-intrinsics-1.1.0.tgz 0ms (cache hit)
1658 http cache is-extglob@https://registry.npmjs.org/is-extglob/-/is-extglob-2.1.1.tgz 0ms (cache hit)
1659 http cache has-symbols@https://registry.npmjs.org/has-symbols/-/has-symbols-1.1.0.tgz 0ms (cache hit)
1660 http cache get-proto@https://registry.npmjs.org/get-proto/-/get-proto-1.0.1.tgz 0ms (cache hit)
1661 http cache argparse@https://registry.npmjs.org/argparse/-/argparse-2.0.1.tgz 0ms (cache hit)
1662 http cache gopd@https://registry.npmjs.org/gopd/-/gopd-1.2.0.tgz 0ms (cache hit)
1663 http cache es-define-property@https://registry.npmjs.org/es-define-property/-/es-define-property-1.0.1.tgz 0ms (cache hit)
1664 http cache es-object-atoms@https://registry.npmjs.org/es-object-atoms/-/es-object-atoms-1.1.2.tgz 0ms (cache hit)
1665 http cache has-tostringtag@https://registry.npmjs.org/has-tostringtag/-/has-tostringtag-1.0.2.tgz 0ms (cache hit)
1666 http cache get-intrinsic@https://registry.npmjs.org/get-intrinsic/-/get-intrinsic-1.3.0.tgz 0ms (cache hit)
1667 http cache es-errors@https://registry.npmjs.org/es-errors/-/es-errors-1.3.0.tgz 0ms (cache hit)
1668 http cache mime-types@https://registry.npmjs.org/mime-types/-/mime-types-2.1.35.tgz 0ms (cache hit)
1669 http cache delayed-stream@https://registry.npmjs.org/delayed-stream/-/delayed-stream-1.0.0.tgz 0ms (cache hit)
1670 http cache hasown@https://registry.npmjs.org/hasown/-/hasown-2.0.4.tgz 0ms (cache hit)
1671 http cache function-bind@https://registry.npmjs.org/function-bind/-/function-bind-1.1.2.tgz 0ms (cache hit)
1672 http cache es-set-tostringtag@https://registry.npmjs.org/es-set-tostringtag/-/es-set-tostringtag-2.1.0.tgz 0ms (cache hit)
1673 http cache asynckit@https://registry.npmjs.org/asynckit/-/asynckit-0.4.0.tgz 0ms (cache hit)
1674 http cache combined-stream@https://registry.npmjs.org/combined-stream/-/combined-stream-1.0.8.tgz 0ms (cache hit)
1675 http cache flatted@https://registry.npmjs.org/flatted/-/flatted-3.4.3.tgz 0ms (cache hit)
1676 http cache keyv@https://registry.npmjs.org/keyv/-/keyv-4.5.4.tgz 0ms (cache hit)
1677 http cache path-exists@https://registry.npmjs.org/path-exists/-/path-exists-4.0.0.tgz 0ms (cache hit)
1678 http cache locate-path@https://registry.npmjs.org/locate-path/-/locate-path-6.0.0.tgz 0ms (cache hit)
1679 http cache flat-cache@https://registry.npmjs.org/flat-cache/-/flat-cache-4.0.1.tgz 0ms (cache hit)
1680 http cache estraverse@https://registry.npmjs.org/estraverse/-/estraverse-5.3.0.tgz 0ms (cache hit)
1681 http cache acorn@https://registry.npmjs.org/acorn/-/acorn-8.17.0.tgz 0ms (cache hit)
1682 http cache shebang-command@https://registry.npmjs.org/shebang-command/-/shebang-command-2.0.0.tgz 0ms (cache hit)
1683 http cache call-bind-apply-helpers@https://registry.npmjs.org/call-bind-apply-helpers/-/call-bind-apply-helpers-1.0.2.tgz 0ms (cache hit)
1684 http cache esrecurse@https://registry.npmjs.org/esrecurse/-/esrecurse-4.3.0.tgz 0ms (cache hit)
1685 http cache which@https://registry.npmjs.org/which/-/which-2.0.2.tgz 0ms (cache hit)
1686 http cache path-key@https://registry.npmjs.org/path-key/-/path-key-3.1.1.tgz 0ms (cache hit)
1687 http cache supports-color@https://registry.npmjs.org/supports-color/-/supports-color-7.2.0.tgz 0ms (cache hit)
1688 http cache acorn-jsx@https://registry.npmjs.org/acorn-jsx/-/acorn-jsx-5.3.2.tgz 0ms (cache hit)
1689 http cache ansi-styles@https://registry.npmjs.org/ansi-styles/-/ansi-styles-4.3.0.tgz 0ms (cache hit)
1690 http cache color-convert@https://registry.npmjs.org/color-convert/-/color-convert-2.0.1.tgz 0ms (cache hit)
1691 http cache uri-js@https://registry.npmjs.org/uri-js/-/uri-js-4.4.1.tgz 0ms (cache hit)
1692 http cache json-schema-traverse@https://registry.npmjs.org/json-schema-traverse/-/json-schema-traverse-0.4.1.tgz 0ms (cache hit)
1693 http cache color-name@https://registry.npmjs.org/color-name/-/color-name-1.1.4.tgz 0ms (cache hit)
1694 http cache levn@https://registry.npmjs.org/levn/-/levn-0.4.1.tgz 0ms (cache hit)
1695 http cache fast-json-stable-stringify@https://registry.npmjs.org/fast-json-stable-stringify/-/fast-json-stable-stringify-2.1.0.tgz 0ms (cache hit)
1696 http cache @humanfs/core@https://registry.npmjs.org/@humanfs/core/-/core-0.19.2.tgz 0ms (cache hit)
1697 http cache js-yaml@https://registry.npmjs.org/js-yaml/-/js-yaml-4.3.0.tgz 0ms (cache hit)
1698 http cache import-fresh@https://registry.npmjs.org/import-fresh/-/import-fresh-3.3.1.tgz 0ms (cache hit)
1699 http cache @types/json-schema@https://registry.npmjs.org/@types/json-schema/-/json-schema-7.0.15.tgz 0ms (cache hit)
1700 http cache @humanfs/types@https://registry.npmjs.org/@humanfs/types/-/types-0.15.0.tgz 0ms (cache hit)
1701 http cache optionator@https://registry.npmjs.org/optionator/-/optionator-0.9.4.tgz 0ms (cache hit)
1702 http cache @eslint/object-schema@https://registry.npmjs.org/@eslint/object-schema/-/object-schema-2.1.7.tgz 0ms (cache hit)
1703 http cache strip-json-comments@https://registry.npmjs.org/strip-json-comments/-/strip-json-comments-3.1.1.tgz 0ms (cache hit)
1704 http cache is-glob@https://registry.npmjs.org/is-glob/-/is-glob-4.0.3.tgz 0ms (cache hit)
1705 http cache lodash.merge@https://registry.npmjs.org/lodash.merge/-/lodash.merge-4.6.2.tgz 0ms (cache hit)
1706 http cache natural-compare@https://registry.npmjs.org/natural-compare/-/natural-compare-1.4.0.tgz 0ms (cache hit)
1707 http cache ignore@https://registry.npmjs.org/ignore/-/ignore-5.3.2.tgz 0ms (cache hit)
1708 http cache imurmurhash@https://registry.npmjs.org/imurmurhash/-/imurmurhash-0.1.4.tgz 0ms (cache hit)
1709 http cache minimatch@https://registry.npmjs.org/minimatch/-/minimatch-3.1.5.tgz 0ms (cache hit)
1710 http cache find-up@https://registry.npmjs.org/find-up/-/find-up-5.0.0.tgz 0ms (cache hit)
1711 http cache glob-parent@https://registry.npmjs.org/glob-parent/-/glob-parent-6.0.2.tgz 0ms (cache hit)
1712 http cache file-entry-cache@https://registry.npmjs.org/file-entry-cache/-/file-entry-cache-8.0.0.tgz 0ms (cache hit)
1713 http cache esutils@https://registry.npmjs.org/esutils/-/esutils-2.0.3.tgz 0ms (cache hit)
1714 http cache fast-deep-equal@https://registry.npmjs.org/fast-deep-equal/-/fast-deep-equal-3.1.3.tgz 0ms (cache hit)
1715 http cache json-stable-stringify-without-jsonify@https://registry.npmjs.org/json-stable-stringify-without-jsonify/-/json-stable-stringify-without-jsonify-1.0.1.tgz 0ms (cache hit)
1716 http cache espree@https://registry.npmjs.org/espree/-/espree-10.4.0.tgz 0ms (cache hit)
1717 http cache eslint-visitor-keys@https://registry.npmjs.org/eslint-visitor-keys/-/eslint-visitor-keys-4.2.1.tgz 0ms (cache hit)
1718 http cache esquery@https://registry.npmjs.org/esquery/-/esquery-1.7.0.tgz 0ms (cache hit)
1719 http cache eslint-scope@https://registry.npmjs.org/eslint-scope/-/eslint-scope-8.4.0.tgz 0ms (cache hit)
1720 http cache chalk@https://registry.npmjs.org/chalk/-/chalk-4.1.2.tgz 0ms (cache hit)
1721 http cache escape-string-regexp@https://registry.npmjs.org/escape-string-regexp/-/escape-string-regexp-4.0.0.tgz 0ms (cache hit)
1722 http cache ajv@https://registry.npmjs.org/ajv/-/ajv-6.15.0.tgz 0ms (cache hit)
1723 http cache @types/estree@https://registry.npmjs.org/@types/estree/-/estree-1.0.9.tgz 0ms (cache hit)
1724 http cache @humanwhocodes/retry@https://registry.npmjs.org/@humanwhocodes/retry/-/retry-0.4.3.tgz 0ms (cache hit)
1725 http cache @humanwhocodes/module-importer@https://registry.npmjs.org/@humanwhocodes/module-importer/-/module-importer-1.0.1.tgz 0ms (cache hit)
1726 http cache @humanfs/node@https://registry.npmjs.org/@humanfs/node/-/node-0.16.8.tgz 0ms (cache hit)
1727 http cache @eslint/eslintrc@https://registry.npmjs.org/@eslint/eslintrc/-/eslintrc-3.3.6.tgz 0ms (cache hit)
1728 http cache cross-spawn@https://registry.npmjs.org/cross-spawn/-/cross-spawn-7.0.6.tgz 0ms (cache hit)
1729 http cache @eslint/core@https://registry.npmjs.org/@eslint/core/-/core-0.17.0.tgz 0ms (cache hit)
1730 http cache @eslint/config-helpers@https://registry.npmjs.org/@eslint/config-helpers/-/config-helpers-0.4.2.tgz 0ms (cache hit)
1731 http cache @eslint/config-array@https://registry.npmjs.org/@eslint/config-array/-/config-array-0.21.2.tgz 0ms (cache hit)
1732 http cache @eslint-community/regexpp@https://registry.npmjs.org/@eslint-community/regexpp/-/regexpp-4.12.2.tgz 0ms (cache hit)
1733 http cache @eslint-community/eslint-utils@https://registry.npmjs.org/@eslint-community/eslint-utils/-/eslint-utils-4.10.1.tgz 0ms (cache hit)
1734 http cache update-browserslist-db@https://registry.npmjs.org/update-browserslist-db/-/update-browserslist-db-1.2.3.tgz 0ms (cache hit)
1735 http cache ms@https://registry.npmjs.org/ms/-/ms-2.1.3.tgz 0ms (cache hit)
1736 http cache node-releases@https://registry.npmjs.org/node-releases/-/node-releases-2.0.51.tgz 0ms (cache hit)
1737 http cache @eslint/plugin-kit@https://registry.npmjs.org/@eslint/plugin-kit/-/plugin-kit-0.4.1.tgz 0ms (cache hit)
1738 http cache proxy-from-env@https://registry.npmjs.org/proxy-from-env/-/proxy-from-env-2.1.0.tgz 0ms (cache hit)
1739 http cache baseline-browser-mapping@https://registry.npmjs.org/baseline-browser-mapping/-/baseline-browser-mapping-2.11.1.tgz 0ms (cache hit)
1740 http cache tapable@https://registry.npmjs.org/tapable/-/tapable-2.3.3.tgz 0ms (cache hit)
1741 http cache form-data@https://registry.npmjs.org/form-data/-/form-data-4.0.6.tgz 0ms (cache hit)
1742 http cache electron-to-chromium@https://registry.npmjs.org/electron-to-chromium/-/electron-to-chromium-1.5.395.tgz 0ms (cache hit)
1743 http cache postcss-value-parser@https://registry.npmjs.org/postcss-value-parser/-/postcss-value-parser-4.2.0.tgz 0ms (cache hit)
1744 http cache follow-redirects@https://registry.npmjs.org/follow-redirects/-/follow-redirects-1.16.0.tgz 0ms (cache hit)
1745 http cache fraction.js@https://registry.npmjs.org/fraction.js/-/fraction.js-5.3.4.tgz 0ms (cache hit)
1746 http cache graceful-fs@https://registry.npmjs.org/graceful-fs/-/graceful-fs-4.2.11.tgz 0ms (cache hit)
1747 http cache @types/babel__template@https://registry.npmjs.org/@types/babel__template/-/babel__template-7.4.4.tgz 0ms (cache hit)
1748 http cache @types/babel__traverse@https://registry.npmjs.org/@types/babel__traverse/-/babel__traverse-7.28.0.tgz 0ms (cache hit)
1749 http cache https-proxy-agent@https://registry.npmjs.org/https-proxy-agent/-/https-proxy-agent-5.0.1.tgz 0ms (cache hit)
1750 http cache @babel/helper-string-parser@https://registry.npmjs.org/@babel/helper-string-parser/-/helper-string-parser-7.29.7.tgz 0ms (cache hit)
1751 http cache @types/babel__generator@https://registry.npmjs.org/@types/babel__generator/-/babel__generator-7.27.0.tgz 0ms (cache hit)
1752 http cache caniuse-lite@https://registry.npmjs.org/caniuse-lite/-/caniuse-lite-1.0.30001806.tgz 0ms (cache hit)
1753 http cache @babel/helper-globals@https://registry.npmjs.org/@babel/helper-globals/-/helper-globals-7.29.7.tgz 0ms (cache hit)
1754 http cache @babel/helper-module-imports@https://registry.npmjs.org/@babel/helper-module-imports/-/helper-module-imports-7.29.7.tgz 0ms (cache hit)
1755 http cache @babel/helper-plugin-utils@https://registry.npmjs.org/@babel/helper-plugin-utils/-/helper-plugin-utils-7.29.7.tgz 0ms (cache hit)
1756 http cache @babel/helper-validator-option@https://registry.npmjs.org/@babel/helper-validator-option/-/helper-validator-option-7.29.7.tgz 0ms (cache hit)
1757 http cache browserslist@https://registry.npmjs.org/browserslist/-/browserslist-4.28.7.tgz 0ms (cache hit)
1758 http cache jsesc@https://registry.npmjs.org/jsesc/-/jsesc-3.1.0.tgz 0ms (cache hit)
1759 http cache semver@https://registry.npmjs.org/semver/-/semver-6.3.1.tgz 0ms (cache hit)
1760 http cache @babel/helper-validator-identifier@https://registry.npmjs.org/@babel/helper-validator-identifier/-/helper-validator-identifier-7.29.7.tgz 0ms (cache hit)
1761 http cache picocolors@https://registry.npmjs.org/picocolors/-/picocolors-1.1.1.tgz 0ms (cache hit)
1762 http cache lru-cache@https://registry.npmjs.org/lru-cache/-/lru-cache-5.1.1.tgz 0ms (cache hit)
1763 http cache js-tokens@https://registry.npmjs.org/js-tokens/-/js-tokens-4.0.0.tgz 0ms (cache hit)
1764 http cache debug@https://registry.npmjs.org/debug/-/debug-4.4.3.tgz 0ms (cache hit)
1765 http cache gensync@https://registry.npmjs.org/gensync/-/gensync-1.0.0-beta.2.tgz 0ms (cache hit)
1766 http cache convert-source-map@https://registry.npmjs.org/convert-source-map/-/convert-source-map-2.0.0.tgz 0ms (cache hit)
1767 http cache json5@https://registry.npmjs.org/json5/-/json5-2.2.3.tgz 0ms (cache hit)
1768 http cache @babel/types@https://registry.npmjs.org/@babel/types/-/types-7.29.7.tgz 0ms (cache hit)
1769 http cache @babel/traverse@https://registry.npmjs.org/@babel/traverse/-/traverse-7.29.7.tgz 0ms (cache hit)
1770 http cache @babel/helper-module-transforms@https://registry.npmjs.org/@babel/helper-module-transforms/-/helper-module-transforms-7.29.7.tgz 0ms (cache hit)
1771 http cache @babel/helpers@https://registry.npmjs.org/@babel/helpers/-/helpers-7.29.7.tgz 0ms (cache hit)
1772 http cache @babel/parser@https://registry.npmjs.org/@babel/parser/-/parser-7.29.7.tgz 0ms (cache hit)
1773 http cache @babel/compat-data@https://registry.npmjs.org/@babel/compat-data/-/compat-data-7.29.7.tgz 0ms (cache hit)
1774 http cache @babel/template@https://registry.npmjs.org/@babel/template/-/template-7.29.7.tgz 0ms (cache hit)
1775 http cache @babel/generator@https://registry.npmjs.org/@babel/generator/-/generator-7.29.7.tgz 0ms (cache hit)
1776 http cache @babel/helper-compilation-targets@https://registry.npmjs.org/@babel/helper-compilation-targets/-/helper-compilation-targets-7.29.7.tgz 0ms (cache hit)
1777 http cache @rolldown/pluginutils@https://registry.npmjs.org/@rolldown/pluginutils/-/pluginutils-1.0.0-beta.27.tgz 0ms (cache hit)
1778 http cache @types/babel__core@https://registry.npmjs.org/@types/babel__core/-/babel__core-7.20.5.tgz 0ms (cache hit)
1779 http cache @babel/code-frame@https://registry.npmjs.org/@babel/code-frame/-/code-frame-7.29.7.tgz 0ms (cache hit)
1780 http cache @babel/core@https://registry.npmjs.org/@babel/core/-/core-7.29.7.tgz 0ms (cache hit)
1781 http cache undici-types@https://registry.npmjs.org/undici-types/-/undici-types-6.21.0.tgz 0ms (cache hit)
1782 http cache @babel/plugin-transform-react-jsx-source@https://registry.npmjs.org/@babel/plugin-transform-react-jsx-source/-/plugin-transform-react-jsx-source-7.29.7.tgz 0ms (cache hit)
1783 http cache react-refresh@https://registry.npmjs.org/react-refresh/-/react-refresh-0.17.0.tgz 0ms (cache hit)
1784 http cache @types/prop-types@https://registry.npmjs.org/@types/prop-types/-/prop-types-15.7.15.tgz 0ms (cache hit)
1785 http cache @babel/plugin-transform-react-jsx-self@https://registry.npmjs.org/@babel/plugin-transform-react-jsx-self/-/plugin-transform-react-jsx-self-7.29.7.tgz 0ms (cache hit)
1786 http cache @tailwindcss/oxide-darwin-arm64@https://registry.npmjs.org/@tailwindcss/oxide-darwin-arm64/-/oxide-darwin-arm64-4.3.3.tgz 0ms (cache hit)
1787 http cache @jridgewell/sourcemap-codec@https://registry.npmjs.org/@jridgewell/sourcemap-codec/-/sourcemap-codec-1.5.5.tgz 0ms (cache hit)
1788 http cache @jridgewell/resolve-uri@https://registry.npmjs.org/@jridgewell/resolve-uri/-/resolve-uri-3.1.2.tgz 0ms (cache hit)
1789 http cache @jridgewell/trace-mapping@https://registry.npmjs.org/@jridgewell/trace-mapping/-/trace-mapping-0.3.31.tgz 0ms (cache hit)
1790 http cache source-map-js@https://registry.npmjs.org/source-map-js/-/source-map-js-1.2.1.tgz 0ms (cache hit)
1791 http cache csstype@https://registry.npmjs.org/csstype/-/csstype-3.2.3.tgz 0ms (cache hit)
1792 http cache lightningcss@https://registry.npmjs.org/lightningcss/-/lightningcss-1.32.0.tgz 0ms (cache hit)
1793 http cache @jridgewell/gen-mapping@https://registry.npmjs.org/@jridgewell/gen-mapping/-/gen-mapping-0.3.13.tgz 0ms (cache hit)
1794 http cache jiti@https://registry.npmjs.org/jiti/-/jiti-2.7.0.tgz 0ms (cache hit)
1795 http cache @jridgewell/remapping@https://registry.npmjs.org/@jridgewell/remapping/-/remapping-2.3.5.tgz 0ms (cache hit)
1796 http cache enhanced-resolve@https://registry.npmjs.org/enhanced-resolve/-/enhanced-resolve-5.24.3.tgz 0ms (cache hit)
1797 http cache @tailwindcss/node@https://registry.npmjs.org/@tailwindcss/node/-/node-4.3.3.tgz 0ms (cache hit)
1798 http cache zod@https://registry.npmjs.org/zod/-/zod-3.25.76.tgz 0ms (cache hit)
1799 http cache magic-string@https://registry.npmjs.org/magic-string/-/magic-string-0.30.21.tgz 0ms (cache hit)
1800 http cache typescript-eslint@https://registry.npmjs.org/typescript-eslint/-/typescript-eslint-8.65.0.tgz 0ms (cache hit)
1801 http cache typescript@https://registry.npmjs.org/typescript/-/typescript-5.6.3.tgz 0ms (cache hit)
1802 http cache tailwindcss@https://registry.npmjs.org/tailwindcss/-/tailwindcss-4.3.3.tgz 0ms (cache hit)
1803 http cache @tailwindcss/oxide@https://registry.npmjs.org/@tailwindcss/oxide/-/oxide-4.3.3.tgz 0ms (cache hit)
1804 http cache react-toastify@https://registry.npmjs.org/react-toastify/-/react-toastify-11.1.0.tgz 0ms (cache hit)
1805 http cache react-router@https://registry.npmjs.org/react-router/-/react-router-7.18.1.tgz 0ms (cache hit)
1806 http cache react-dom@https://registry.npmjs.org/react-dom/-/react-dom-18.3.1.tgz 0ms (cache hit)
1807 http cache postcss@https://registry.npmjs.org/postcss/-/postcss-8.5.22.tgz 0ms (cache hit)
1808 http cache vite@https://registry.npmjs.org/vite/-/vite-6.4.3.tgz 0ms (cache hit)
1809 http cache globals@https://registry.npmjs.org/globals/-/globals-15.15.0.tgz 0ms (cache hit)
1810 http cache eslint-plugin-react-refresh@https://registry.npmjs.org/eslint-plugin-react-refresh/-/eslint-plugin-react-refresh-0.4.26.tgz 0ms (cache hit)
1811 http cache eslint-plugin-react-hooks@https://registry.npmjs.org/eslint-plugin-react-hooks/-/eslint-plugin-react-hooks-5.2.0.tgz 0ms (cache hit)
1812 http cache autoprefixer@https://registry.npmjs.org/autoprefixer/-/autoprefixer-10.5.4.tgz 0ms (cache hit)
1813 http cache dotenv@https://registry.npmjs.org/dotenv/-/dotenv-16.6.1.tgz 0ms (cache hit)
1814 http cache eslint@https://registry.npmjs.org/eslint/-/eslint-9.39.5.tgz 0ms (cache hit)
1815 http cache @vitejs/plugin-react@https://registry.npmjs.org/@vitejs/plugin-react/-/plugin-react-4.7.0.tgz 0ms (cache hit)
1816 http cache react@https://registry.npmjs.org/react/-/react-18.3.1.tgz 0ms (cache hit)
1817 http cache @types/react-dom@https://registry.npmjs.org/@types/react-dom/-/react-dom-18.3.7.tgz 0ms (cache hit)
1818 http cache @types/react@https://registry.npmjs.org/@types/react/-/react-18.3.31.tgz 0ms (cache hit)
1819 http cache @types/node@https://registry.npmjs.org/@types/node/-/node-22.20.1.tgz 0ms (cache hit)
1820 http cache @eslint/js@https://registry.npmjs.org/@eslint/js/-/js-9.39.5.tgz 0ms (cache hit)
1821 http cache @mahe-npm/common@https://registry.npmjs.org/@mahe-npm/common/-/common-1.1.2.tgz 0ms (cache hit)
1822 http cache eslint-visitor-keys@https://registry.npmjs.org/eslint-visitor-keys/-/eslint-visitor-keys-5.0.1.tgz 0ms (cache hit)
1823 http cache minimatch@https://registry.npmjs.org/minimatch/-/minimatch-10.2.5.tgz 0ms (cache hit)
1824 http cache balanced-match@https://registry.npmjs.org/balanced-match/-/balanced-match-4.0.4.tgz 0ms (cache hit)
1825 http cache @tailwindcss/vite@https://registry.npmjs.org/@tailwindcss/vite/-/vite-4.3.3.tgz 0ms (cache hit)
1826 http cache axios@https://registry.npmjs.org/axios/-/axios-1.18.1.tgz 0ms (cache hit)
1827 http cache brace-expansion@https://registry.npmjs.org/brace-expansion/-/brace-expansion-5.0.7.tgz 0ms (cache hit)
1828 http cache semver@https://registry.npmjs.org/semver/-/semver-7.8.5.tgz 0ms (cache hit)
1829 http cache eslint-visitor-keys@https://registry.npmjs.org/eslint-visitor-keys/-/eslint-visitor-keys-3.4.3.tgz 0ms (cache hit)
1830 http cache ignore@https://registry.npmjs.org/ignore/-/ignore-7.0.6.tgz 0ms (cache hit)
1831 http cache globals@https://registry.npmjs.org/globals/-/globals-14.0.0.tgz 0ms (cache hit)
1832 silly tarball no local data for @rollup/rollup-darwin-arm64@https://registry.npmjs.org/@rollup/rollup-darwin-arm64/-/rollup-darwin-arm64-4.62.2.tgz. Extracting by manifest.
1833 silly tarball no local data for isexe@https://registry.npmjs.org/isexe/-/isexe-2.0.0.tgz. Extracting by manifest.
1834 silly tarball no local data for rollup@https://registry.npmjs.org/rollup/-/rollup-4.62.2.tgz. Extracting by manifest.
1835 silly tarball no local data for esbuild@https://registry.npmjs.org/esbuild/-/esbuild-0.25.12.tgz. Extracting by manifest.
1836 silly tarball no local data for escalade@https://registry.npmjs.org/escalade/-/escalade-3.2.0.tgz. Extracting by manifest.
1837 silly tarball no local data for fdir@https://registry.npmjs.org/fdir/-/fdir-6.5.0.tgz. Extracting by manifest.
1838 silly tarball no local data for @typescript-eslint/tsconfig-utils@https://registry.npmjs.org/@typescript-eslint/tsconfig-utils/-/tsconfig-utils-8.65.0.tgz. Extracting by manifest.
1839 silly tarball no local data for @typescript-eslint/types@https://registry.npmjs.org/@typescript-eslint/types/-/types-8.65.0.tgz. Extracting by manifest.
1840 silly tarball no local data for @typescript-eslint/project-service@https://registry.npmjs.org/@typescript-eslint/project-service/-/project-service-8.65.0.tgz. Extracting by manifest.
1841 silly tarball no local data for ts-api-utils@https://registry.npmjs.org/ts-api-utils/-/ts-api-utils-2.5.0.tgz. Extracting by manifest.
1842 silly tarball no local data for fsevents@https://registry.npmjs.org/fsevents/-/fsevents-2.3.3.tgz. Extracting by manifest.
1843 silly tarball no local data for @esbuild/darwin-arm64@https://registry.npmjs.org/@esbuild/darwin-arm64/-/darwin-arm64-0.25.12.tgz. Extracting by manifest.
1844 silly tarball no local data for @typescript-eslint/visitor-keys@https://registry.npmjs.org/@typescript-eslint/visitor-keys/-/visitor-keys-8.65.0.tgz. Extracting by manifest.
1845 silly tarball no local data for picomatch@https://registry.npmjs.org/picomatch/-/picomatch-4.0.5.tgz. Extracting by manifest.
1846 silly tarball no local data for @typescript-eslint/scope-manager@https://registry.npmjs.org/@typescript-eslint/scope-manager/-/scope-manager-8.65.0.tgz. Extracting by manifest.
1847 silly tarball no local data for @typescript-eslint/utils@https://registry.npmjs.org/@typescript-eslint/utils/-/utils-8.65.0.tgz. Extracting by manifest.
1848 silly tarball no local data for tinyglobby@https://registry.npmjs.org/tinyglobby/-/tinyglobby-0.2.17.tgz. Extracting by manifest.
1849 silly tarball no local data for @typescript-eslint/typescript-estree@https://registry.npmjs.org/@typescript-eslint/typescript-estree/-/typescript-estree-8.65.0.tgz. Extracting by manifest.
1850 silly tarball no local data for punycode@https://registry.npmjs.org/punycode/-/punycode-2.3.1.tgz. Extracting by manifest.
1851 silly tarball no local data for @typescript-eslint/type-utils@https://registry.npmjs.org/@typescript-eslint/type-utils/-/type-utils-8.65.0.tgz. Extracting by manifest.
1852 silly tarball no local data for @typescript-eslint/parser@https://registry.npmjs.org/@typescript-eslint/parser/-/parser-8.65.0.tgz. Extracting by manifest.
1853 silly tarball no local data for clsx@https://registry.npmjs.org/clsx/-/clsx-2.1.1.tgz. Extracting by manifest.
1854 silly tarball no local data for set-cookie-parser@https://registry.npmjs.org/set-cookie-parser/-/set-cookie-parser-2.7.2.tgz. Extracting by manifest.
1855 silly tarball no local data for @typescript-eslint/eslint-plugin@https://registry.npmjs.org/@typescript-eslint/eslint-plugin/-/eslint-plugin-8.65.0.tgz. Extracting by manifest.
1856 silly tarball no local data for has-flag@https://registry.npmjs.org/has-flag/-/has-flag-4.0.0.tgz. Extracting by manifest.
1857 silly tarball no local data for scheduler@https://registry.npmjs.org/scheduler/-/scheduler-0.23.2.tgz. Extracting by manifest.
1858 silly tarball no local data for shebang-regex@https://registry.npmjs.org/shebang-regex/-/shebang-regex-3.0.0.tgz. Extracting by manifest.
1859 silly tarball no local data for cookie@https://registry.npmjs.org/cookie/-/cookie-1.1.1.tgz. Extracting by manifest.
1860 silly tarball no local data for nanoid@https://registry.npmjs.org/nanoid/-/nanoid-3.3.16.tgz. Extracting by manifest.
1861 silly tarball no local data for callsites@https://registry.npmjs.org/callsites/-/callsites-3.1.0.tgz. Extracting by manifest.
1862 silly tarball no local data for word-wrap@https://registry.npmjs.org/word-wrap/-/word-wrap-1.2.5.tgz. Extracting by manifest.
1863 silly tarball no local data for p-limit@https://registry.npmjs.org/p-limit/-/p-limit-3.1.0.tgz. Extracting by manifest.
1864 silly tarball no local data for loose-envify@https://registry.npmjs.org/loose-envify/-/loose-envify-1.4.0.tgz. Extracting by manifest.
1865 silly tarball no local data for concat-map@https://registry.npmjs.org/concat-map/-/concat-map-0.0.1.tgz. Extracting by manifest.
1866 silly tarball no local data for fast-levenshtein@https://registry.npmjs.org/fast-levenshtein/-/fast-levenshtein-2.0.6.tgz. Extracting by manifest.
1867 silly tarball no local data for yocto-queue@https://registry.npmjs.org/yocto-queue/-/yocto-queue-0.1.0.tgz. Extracting by manifest.
1868 silly tarball no local data for deep-is@https://registry.npmjs.org/deep-is/-/deep-is-0.1.4.tgz. Extracting by manifest.
1869 silly tarball no local data for brace-expansion@https://registry.npmjs.org/brace-expansion/-/brace-expansion-1.1.16.tgz. Extracting by manifest.
1870 silly tarball no local data for balanced-match@https://registry.npmjs.org/balanced-match/-/balanced-match-1.0.2.tgz. Extracting by manifest.
1871 silly tarball no local data for yallist@https://registry.npmjs.org/yallist/-/yallist-3.1.1.tgz. Extracting by manifest.
1872 silly tarball no local data for lightningcss-darwin-arm64@https://registry.npmjs.org/lightningcss-darwin-arm64/-/lightningcss-darwin-arm64-1.32.0.tgz. Extracting by manifest.
1873 silly tarball no local data for p-locate@https://registry.npmjs.org/p-locate/-/p-locate-5.0.0.tgz. Extracting by manifest.
1874 silly tarball no local data for detect-libc@https://registry.npmjs.org/detect-libc/-/detect-libc-2.1.2.tgz. Extracting by manifest.
1875 silly tarball no local data for type-check@https://registry.npmjs.org/type-check/-/type-check-0.4.0.tgz. Extracting by manifest.
1876 silly tarball no local data for prelude-ls@https://registry.npmjs.org/prelude-ls/-/prelude-ls-1.2.1.tgz. Extracting by manifest.
1877 silly tarball no local data for mime-db@https://registry.npmjs.org/mime-db/-/mime-db-1.52.0.tgz. Extracting by manifest.
1878 silly tarball no local data for json-buffer@https://registry.npmjs.org/json-buffer/-/json-buffer-3.0.1.tgz. Extracting by manifest.
1879 silly tarball no local data for agent-base@https://registry.npmjs.org/agent-base/-/agent-base-6.0.2.tgz. Extracting by manifest.
1880 silly tarball no local data for resolve-from@https://registry.npmjs.org/resolve-from/-/resolve-from-4.0.0.tgz. Extracting by manifest.
1881 silly tarball no local data for parent-module@https://registry.npmjs.org/parent-module/-/parent-module-1.0.1.tgz. Extracting by manifest.
1882 silly tarball no local data for dunder-proto@https://registry.npmjs.org/dunder-proto/-/dunder-proto-1.0.1.tgz. Extracting by manifest.
1883 silly tarball no local data for math-intrinsics@https://registry.npmjs.org/math-intrinsics/-/math-intrinsics-1.1.0.tgz. Extracting by manifest.
1884 silly tarball no local data for is-extglob@https://registry.npmjs.org/is-extglob/-/is-extglob-2.1.1.tgz. Extracting by manifest.
1885 silly tarball no local data for has-symbols@https://registry.npmjs.org/has-symbols/-/has-symbols-1.1.0.tgz. Extracting by manifest.
1886 silly tarball no local data for get-proto@https://registry.npmjs.org/get-proto/-/get-proto-1.0.1.tgz. Extracting by manifest.
1887 silly tarball no local data for argparse@https://registry.npmjs.org/argparse/-/argparse-2.0.1.tgz. Extracting by manifest.
1888 silly tarball no local data for gopd@https://registry.npmjs.org/gopd/-/gopd-1.2.0.tgz. Extracting by manifest.
1889 silly tarball no local data for es-define-property@https://registry.npmjs.org/es-define-property/-/es-define-property-1.0.1.tgz. Extracting by manifest.
1890 silly tarball no local data for es-object-atoms@https://registry.npmjs.org/es-object-atoms/-/es-object-atoms-1.1.2.tgz. Extracting by manifest.
1891 silly tarball no local data for has-tostringtag@https://registry.npmjs.org/has-tostringtag/-/has-tostringtag-1.0.2.tgz. Extracting by manifest.
1892 silly tarball no local data for get-intrinsic@https://registry.npmjs.org/get-intrinsic/-/get-intrinsic-1.3.0.tgz. Extracting by manifest.
1893 silly tarball no local data for es-errors@https://registry.npmjs.org/es-errors/-/es-errors-1.3.0.tgz. Extracting by manifest.
1894 silly tarball no local data for mime-types@https://registry.npmjs.org/mime-types/-/mime-types-2.1.35.tgz. Extracting by manifest.
1895 silly tarball no local data for delayed-stream@https://registry.npmjs.org/delayed-stream/-/delayed-stream-1.0.0.tgz. Extracting by manifest.
1896 silly tarball no local data for hasown@https://registry.npmjs.org/hasown/-/hasown-2.0.4.tgz. Extracting by manifest.
1897 silly tarball no local data for function-bind@https://registry.npmjs.org/function-bind/-/function-bind-1.1.2.tgz. Extracting by manifest.
1898 silly tarball no local data for es-set-tostringtag@https://registry.npmjs.org/es-set-tostringtag/-/es-set-tostringtag-2.1.0.tgz. Extracting by manifest.
1899 silly tarball no local data for asynckit@https://registry.npmjs.org/asynckit/-/asynckit-0.4.0.tgz. Extracting by manifest.
1900 silly tarball no local data for combined-stream@https://registry.npmjs.org/combined-stream/-/combined-stream-1.0.8.tgz. Extracting by manifest.
1901 silly tarball no local data for flatted@https://registry.npmjs.org/flatted/-/flatted-3.4.3.tgz. Extracting by manifest.
1902 silly tarball no local data for keyv@https://registry.npmjs.org/keyv/-/keyv-4.5.4.tgz. Extracting by manifest.
1903 silly tarball no local data for path-exists@https://registry.npmjs.org/path-exists/-/path-exists-4.0.0.tgz. Extracting by manifest.
1904 silly tarball no local data for locate-path@https://registry.npmjs.org/locate-path/-/locate-path-6.0.0.tgz. Extracting by manifest.
1905 silly tarball no local data for flat-cache@https://registry.npmjs.org/flat-cache/-/flat-cache-4.0.1.tgz. Extracting by manifest.
1906 silly tarball no local data for estraverse@https://registry.npmjs.org/estraverse/-/estraverse-5.3.0.tgz. Extracting by manifest.
1907 silly tarball no local data for acorn@https://registry.npmjs.org/acorn/-/acorn-8.17.0.tgz. Extracting by manifest.
1908 silly tarball no local data for shebang-command@https://registry.npmjs.org/shebang-command/-/shebang-command-2.0.0.tgz. Extracting by manifest.
1909 silly tarball no local data for call-bind-apply-helpers@https://registry.npmjs.org/call-bind-apply-helpers/-/call-bind-apply-helpers-1.0.2.tgz. Extracting by manifest.
1910 silly tarball no local data for esrecurse@https://registry.npmjs.org/esrecurse/-/esrecurse-4.3.0.tgz. Extracting by manifest.
1911 silly tarball no local data for which@https://registry.npmjs.org/which/-/which-2.0.2.tgz. Extracting by manifest.
1912 silly tarball no local data for path-key@https://registry.npmjs.org/path-key/-/path-key-3.1.1.tgz. Extracting by manifest.
1913 silly tarball no local data for supports-color@https://registry.npmjs.org/supports-color/-/supports-color-7.2.0.tgz. Extracting by manifest.
1914 silly tarball no local data for acorn-jsx@https://registry.npmjs.org/acorn-jsx/-/acorn-jsx-5.3.2.tgz. Extracting by manifest.
1915 silly tarball no local data for ansi-styles@https://registry.npmjs.org/ansi-styles/-/ansi-styles-4.3.0.tgz. Extracting by manifest.
1916 silly tarball no local data for color-convert@https://registry.npmjs.org/color-convert/-/color-convert-2.0.1.tgz. Extracting by manifest.
1917 silly tarball no local data for uri-js@https://registry.npmjs.org/uri-js/-/uri-js-4.4.1.tgz. Extracting by manifest.
1918 silly tarball no local data for json-schema-traverse@https://registry.npmjs.org/json-schema-traverse/-/json-schema-traverse-0.4.1.tgz. Extracting by manifest.
1919 silly tarball no local data for color-name@https://registry.npmjs.org/color-name/-/color-name-1.1.4.tgz. Extracting by manifest.
1920 silly tarball no local data for levn@https://registry.npmjs.org/levn/-/levn-0.4.1.tgz. Extracting by manifest.
1921 silly tarball no local data for fast-json-stable-stringify@https://registry.npmjs.org/fast-json-stable-stringify/-/fast-json-stable-stringify-2.1.0.tgz. Extracting by manifest.
1922 silly tarball no local data for @humanfs/core@https://registry.npmjs.org/@humanfs/core/-/core-0.19.2.tgz. Extracting by manifest.
1923 silly tarball no local data for js-yaml@https://registry.npmjs.org/js-yaml/-/js-yaml-4.3.0.tgz. Extracting by manifest.
1924 silly tarball no local data for import-fresh@https://registry.npmjs.org/import-fresh/-/import-fresh-3.3.1.tgz. Extracting by manifest.
1925 silly tarball no local data for @types/json-schema@https://registry.npmjs.org/@types/json-schema/-/json-schema-7.0.15.tgz. Extracting by manifest.
1926 silly tarball no local data for @humanfs/types@https://registry.npmjs.org/@humanfs/types/-/types-0.15.0.tgz. Extracting by manifest.
1927 silly tarball no local data for optionator@https://registry.npmjs.org/optionator/-/optionator-0.9.4.tgz. Extracting by manifest.
1928 silly tarball no local data for @eslint/object-schema@https://registry.npmjs.org/@eslint/object-schema/-/object-schema-2.1.7.tgz. Extracting by manifest.
1929 silly tarball no local data for strip-json-comments@https://registry.npmjs.org/strip-json-comments/-/strip-json-comments-3.1.1.tgz. Extracting by manifest.
1930 silly tarball no local data for is-glob@https://registry.npmjs.org/is-glob/-/is-glob-4.0.3.tgz. Extracting by manifest.
1931 silly tarball no local data for lodash.merge@https://registry.npmjs.org/lodash.merge/-/lodash.merge-4.6.2.tgz. Extracting by manifest.
1932 silly tarball no local data for natural-compare@https://registry.npmjs.org/natural-compare/-/natural-compare-1.4.0.tgz. Extracting by manifest.
1933 silly tarball no local data for ignore@https://registry.npmjs.org/ignore/-/ignore-5.3.2.tgz. Extracting by manifest.
1934 silly tarball no local data for imurmurhash@https://registry.npmjs.org/imurmurhash/-/imurmurhash-0.1.4.tgz. Extracting by manifest.
1935 silly tarball no local data for minimatch@https://registry.npmjs.org/minimatch/-/minimatch-3.1.5.tgz. Extracting by manifest.
1936 silly tarball no local data for find-up@https://registry.npmjs.org/find-up/-/find-up-5.0.0.tgz. Extracting by manifest.
1937 silly tarball no local data for glob-parent@https://registry.npmjs.org/glob-parent/-/glob-parent-6.0.2.tgz. Extracting by manifest.
1938 silly tarball no local data for file-entry-cache@https://registry.npmjs.org/file-entry-cache/-/file-entry-cache-8.0.0.tgz. Extracting by manifest.
1939 silly tarball no local data for esutils@https://registry.npmjs.org/esutils/-/esutils-2.0.3.tgz. Extracting by manifest.
1940 silly tarball no local data for fast-deep-equal@https://registry.npmjs.org/fast-deep-equal/-/fast-deep-equal-3.1.3.tgz. Extracting by manifest.
1941 silly tarball no local data for json-stable-stringify-without-jsonify@https://registry.npmjs.org/json-stable-stringify-without-jsonify/-/json-stable-stringify-without-jsonify-1.0.1.tgz. Extracting by manifest.
1942 silly tarball no local data for espree@https://registry.npmjs.org/espree/-/espree-10.4.0.tgz. Extracting by manifest.
1943 silly tarball no local data for eslint-visitor-keys@https://registry.npmjs.org/eslint-visitor-keys/-/eslint-visitor-keys-4.2.1.tgz. Extracting by manifest.
1944 silly tarball no local data for esquery@https://registry.npmjs.org/esquery/-/esquery-1.7.0.tgz. Extracting by manifest.
1945 silly tarball no local data for eslint-scope@https://registry.npmjs.org/eslint-scope/-/eslint-scope-8.4.0.tgz. Extracting by manifest.
1946 silly tarball no local data for chalk@https://registry.npmjs.org/chalk/-/chalk-4.1.2.tgz. Extracting by manifest.
1947 silly tarball no local data for escape-string-regexp@https://registry.npmjs.org/escape-string-regexp/-/escape-string-regexp-4.0.0.tgz. Extracting by manifest.
1948 silly tarball no local data for ajv@https://registry.npmjs.org/ajv/-/ajv-6.15.0.tgz. Extracting by manifest.
1949 silly tarball no local data for @types/estree@https://registry.npmjs.org/@types/estree/-/estree-1.0.9.tgz. Extracting by manifest.
1950 silly tarball no local data for @humanwhocodes/retry@https://registry.npmjs.org/@humanwhocodes/retry/-/retry-0.4.3.tgz. Extracting by manifest.
1951 silly tarball no local data for @humanwhocodes/module-importer@https://registry.npmjs.org/@humanwhocodes/module-importer/-/module-importer-1.0.1.tgz. Extracting by manifest.
1952 silly tarball no local data for @humanfs/node@https://registry.npmjs.org/@humanfs/node/-/node-0.16.8.tgz. Extracting by manifest.
1953 silly tarball no local data for @eslint/eslintrc@https://registry.npmjs.org/@eslint/eslintrc/-/eslintrc-3.3.6.tgz. Extracting by manifest.
1954 silly tarball no local data for cross-spawn@https://registry.npmjs.org/cross-spawn/-/cross-spawn-7.0.6.tgz. Extracting by manifest.
1955 silly tarball no local data for @eslint/core@https://registry.npmjs.org/@eslint/core/-/core-0.17.0.tgz. Extracting by manifest.
1956 silly tarball no local data for @eslint/config-helpers@https://registry.npmjs.org/@eslint/config-helpers/-/config-helpers-0.4.2.tgz. Extracting by manifest.
1957 silly tarball no local data for @eslint/config-array@https://registry.npmjs.org/@eslint/config-array/-/config-array-0.21.2.tgz. Extracting by manifest.
1958 silly tarball no local data for @eslint-community/regexpp@https://registry.npmjs.org/@eslint-community/regexpp/-/regexpp-4.12.2.tgz. Extracting by manifest.
1959 silly tarball no local data for @eslint-community/eslint-utils@https://registry.npmjs.org/@eslint-community/eslint-utils/-/eslint-utils-4.10.1.tgz. Extracting by manifest.
1960 silly tarball no local data for update-browserslist-db@https://registry.npmjs.org/update-browserslist-db/-/update-browserslist-db-1.2.3.tgz. Extracting by manifest.
1961 silly tarball no local data for ms@https://registry.npmjs.org/ms/-/ms-2.1.3.tgz. Extracting by manifest.
1962 silly tarball no local data for node-releases@https://registry.npmjs.org/node-releases/-/node-releases-2.0.51.tgz. Extracting by manifest.
1963 silly tarball no local data for @eslint/plugin-kit@https://registry.npmjs.org/@eslint/plugin-kit/-/plugin-kit-0.4.1.tgz. Extracting by manifest.
1964 silly tarball no local data for proxy-from-env@https://registry.npmjs.org/proxy-from-env/-/proxy-from-env-2.1.0.tgz. Extracting by manifest.
1965 silly tarball no local data for baseline-browser-mapping@https://registry.npmjs.org/baseline-browser-mapping/-/baseline-browser-mapping-2.11.1.tgz. Extracting by manifest.
1966 silly tarball no local data for tapable@https://registry.npmjs.org/tapable/-/tapable-2.3.3.tgz. Extracting by manifest.
1967 silly tarball no local data for form-data@https://registry.npmjs.org/form-data/-/form-data-4.0.6.tgz. Extracting by manifest.
1968 silly tarball no local data for electron-to-chromium@https://registry.npmjs.org/electron-to-chromium/-/electron-to-chromium-1.5.395.tgz. Extracting by manifest.
1969 silly tarball no local data for postcss-value-parser@https://registry.npmjs.org/postcss-value-parser/-/postcss-value-parser-4.2.0.tgz. Extracting by manifest.
1970 silly tarball no local data for follow-redirects@https://registry.npmjs.org/follow-redirects/-/follow-redirects-1.16.0.tgz. Extracting by manifest.
1971 silly tarball no local data for fraction.js@https://registry.npmjs.org/fraction.js/-/fraction.js-5.3.4.tgz. Extracting by manifest.
1972 silly tarball no local data for graceful-fs@https://registry.npmjs.org/graceful-fs/-/graceful-fs-4.2.11.tgz. Extracting by manifest.
1973 silly tarball no local data for @types/babel__template@https://registry.npmjs.org/@types/babel__template/-/babel__template-7.4.4.tgz. Extracting by manifest.
1974 silly tarball no local data for @types/babel__traverse@https://registry.npmjs.org/@types/babel__traverse/-/babel__traverse-7.28.0.tgz. Extracting by manifest.
1975 silly tarball no local data for https-proxy-agent@https://registry.npmjs.org/https-proxy-agent/-/https-proxy-agent-5.0.1.tgz. Extracting by manifest.
1976 silly tarball no local data for @babel/helper-string-parser@https://registry.npmjs.org/@babel/helper-string-parser/-/helper-string-parser-7.29.7.tgz. Extracting by manifest.
1977 silly tarball no local data for @types/babel__generator@https://registry.npmjs.org/@types/babel__generator/-/babel__generator-7.27.0.tgz. Extracting by manifest.
1978 silly tarball no local data for caniuse-lite@https://registry.npmjs.org/caniuse-lite/-/caniuse-lite-1.0.30001806.tgz. Extracting by manifest.
1979 silly tarball no local data for @babel/helper-globals@https://registry.npmjs.org/@babel/helper-globals/-/helper-globals-7.29.7.tgz. Extracting by manifest.
1980 silly tarball no local data for @babel/helper-module-imports@https://registry.npmjs.org/@babel/helper-module-imports/-/helper-module-imports-7.29.7.tgz. Extracting by manifest.
1981 silly tarball no local data for @babel/helper-plugin-utils@https://registry.npmjs.org/@babel/helper-plugin-utils/-/helper-plugin-utils-7.29.7.tgz. Extracting by manifest.
1982 silly tarball no local data for @babel/helper-validator-option@https://registry.npmjs.org/@babel/helper-validator-option/-/helper-validator-option-7.29.7.tgz. Extracting by manifest.
1983 silly tarball no local data for browserslist@https://registry.npmjs.org/browserslist/-/browserslist-4.28.7.tgz. Extracting by manifest.
1984 silly tarball no local data for jsesc@https://registry.npmjs.org/jsesc/-/jsesc-3.1.0.tgz. Extracting by manifest.
1985 silly tarball no local data for semver@https://registry.npmjs.org/semver/-/semver-6.3.1.tgz. Extracting by manifest.
1986 silly tarball no local data for @babel/helper-validator-identifier@https://registry.npmjs.org/@babel/helper-validator-identifier/-/helper-validator-identifier-7.29.7.tgz. Extracting by manifest.
1987 silly tarball no local data for picocolors@https://registry.npmjs.org/picocolors/-/picocolors-1.1.1.tgz. Extracting by manifest.
1988 silly tarball no local data for lru-cache@https://registry.npmjs.org/lru-cache/-/lru-cache-5.1.1.tgz. Extracting by manifest.
1989 silly tarball no local data for js-tokens@https://registry.npmjs.org/js-tokens/-/js-tokens-4.0.0.tgz. Extracting by manifest.
1990 silly tarball no local data for debug@https://registry.npmjs.org/debug/-/debug-4.4.3.tgz. Extracting by manifest.
1991 silly tarball no local data for gensync@https://registry.npmjs.org/gensync/-/gensync-1.0.0-beta.2.tgz. Extracting by manifest.
1992 silly tarball no local data for convert-source-map@https://registry.npmjs.org/convert-source-map/-/convert-source-map-2.0.0.tgz. Extracting by manifest.
1993 silly tarball no local data for json5@https://registry.npmjs.org/json5/-/json5-2.2.3.tgz. Extracting by manifest.
1994 silly tarball no local data for @babel/types@https://registry.npmjs.org/@babel/types/-/types-7.29.7.tgz. Extracting by manifest.
1995 silly tarball no local data for @babel/traverse@https://registry.npmjs.org/@babel/traverse/-/traverse-7.29.7.tgz. Extracting by manifest.
1996 silly tarball no local data for @babel/helper-module-transforms@https://registry.npmjs.org/@babel/helper-module-transforms/-/helper-module-transforms-7.29.7.tgz. Extracting by manifest.
1997 silly tarball no local data for @babel/helpers@https://registry.npmjs.org/@babel/helpers/-/helpers-7.29.7.tgz. Extracting by manifest.
1998 silly tarball no local data for @babel/parser@https://registry.npmjs.org/@babel/parser/-/parser-7.29.7.tgz. Extracting by manifest.
1999 silly tarball no local data for @babel/compat-data@https://registry.npmjs.org/@babel/compat-data/-/compat-data-7.29.7.tgz. Extracting by manifest.
2000 silly tarball no local data for @babel/template@https://registry.npmjs.org/@babel/template/-/template-7.29.7.tgz. Extracting by manifest.
2001 silly tarball no local data for @babel/generator@https://registry.npmjs.org/@babel/generator/-/generator-7.29.7.tgz. Extracting by manifest.
2002 silly tarball no local data for @babel/helper-compilation-targets@https://registry.npmjs.org/@babel/helper-compilation-targets/-/helper-compilation-targets-7.29.7.tgz. Extracting by manifest.
2003 silly tarball no local data for @rolldown/pluginutils@https://registry.npmjs.org/@rolldown/pluginutils/-/pluginutils-1.0.0-beta.27.tgz. Extracting by manifest.
2004 silly tarball no local data for @types/babel__core@https://registry.npmjs.org/@types/babel__core/-/babel__core-7.20.5.tgz. Extracting by manifest.
2005 silly tarball no local data for @babel/code-frame@https://registry.npmjs.org/@babel/code-frame/-/code-frame-7.29.7.tgz. Extracting by manifest.
2006 silly tarball no local data for @babel/core@https://registry.npmjs.org/@babel/core/-/core-7.29.7.tgz. Extracting by manifest.
2007 silly tarball no local data for undici-types@https://registry.npmjs.org/undici-types/-/undici-types-6.21.0.tgz. Extracting by manifest.
2008 silly tarball no local data for @babel/plugin-transform-react-jsx-source@https://registry.npmjs.org/@babel/plugin-transform-react-jsx-source/-/plugin-transform-react-jsx-source-7.29.7.tgz. Extracting by manifest.
2009 silly tarball no local data for react-refresh@https://registry.npmjs.org/react-refresh/-/react-refresh-0.17.0.tgz. Extracting by manifest.
2010 silly tarball no local data for @types/prop-types@https://registry.npmjs.org/@types/prop-types/-/prop-types-15.7.15.tgz. Extracting by manifest.
2011 silly tarball no local data for @babel/plugin-transform-react-jsx-self@https://registry.npmjs.org/@babel/plugin-transform-react-jsx-self/-/plugin-transform-react-jsx-self-7.29.7.tgz. Extracting by manifest.
2012 silly tarball no local data for @tailwindcss/oxide-darwin-arm64@https://registry.npmjs.org/@tailwindcss/oxide-darwin-arm64/-/oxide-darwin-arm64-4.3.3.tgz. Extracting by manifest.
2013 silly tarball no local data for @jridgewell/sourcemap-codec@https://registry.npmjs.org/@jridgewell/sourcemap-codec/-/sourcemap-codec-1.5.5.tgz. Extracting by manifest.
2014 silly tarball no local data for @jridgewell/resolve-uri@https://registry.npmjs.org/@jridgewell/resolve-uri/-/resolve-uri-3.1.2.tgz. Extracting by manifest.
2015 silly tarball no local data for @jridgewell/trace-mapping@https://registry.npmjs.org/@jridgewell/trace-mapping/-/trace-mapping-0.3.31.tgz. Extracting by manifest.
2016 silly tarball no local data for source-map-js@https://registry.npmjs.org/source-map-js/-/source-map-js-1.2.1.tgz. Extracting by manifest.
2017 silly tarball no local data for csstype@https://registry.npmjs.org/csstype/-/csstype-3.2.3.tgz. Extracting by manifest.
2018 silly tarball no local data for lightningcss@https://registry.npmjs.org/lightningcss/-/lightningcss-1.32.0.tgz. Extracting by manifest.
2019 silly tarball no local data for @jridgewell/gen-mapping@https://registry.npmjs.org/@jridgewell/gen-mapping/-/gen-mapping-0.3.13.tgz. Extracting by manifest.
2020 silly tarball no local data for jiti@https://registry.npmjs.org/jiti/-/jiti-2.7.0.tgz. Extracting by manifest.
2021 silly tarball no local data for @jridgewell/remapping@https://registry.npmjs.org/@jridgewell/remapping/-/remapping-2.3.5.tgz. Extracting by manifest.
2022 silly tarball no local data for enhanced-resolve@https://registry.npmjs.org/enhanced-resolve/-/enhanced-resolve-5.24.3.tgz. Extracting by manifest.
2023 silly tarball no local data for @tailwindcss/node@https://registry.npmjs.org/@tailwindcss/node/-/node-4.3.3.tgz. Extracting by manifest.
2024 silly tarball no local data for zod@https://registry.npmjs.org/zod/-/zod-3.25.76.tgz. Extracting by manifest.
2025 silly tarball no local data for magic-string@https://registry.npmjs.org/magic-string/-/magic-string-0.30.21.tgz. Extracting by manifest.
2026 silly tarball no local data for typescript-eslint@https://registry.npmjs.org/typescript-eslint/-/typescript-eslint-8.65.0.tgz. Extracting by manifest.
2027 silly tarball no local data for typescript@https://registry.npmjs.org/typescript/-/typescript-5.6.3.tgz. Extracting by manifest.
2028 silly tarball no local data for tailwindcss@https://registry.npmjs.org/tailwindcss/-/tailwindcss-4.3.3.tgz. Extracting by manifest.
2029 silly tarball no local data for @tailwindcss/oxide@https://registry.npmjs.org/@tailwindcss/oxide/-/oxide-4.3.3.tgz. Extracting by manifest.
2030 silly tarball no local data for react-toastify@https://registry.npmjs.org/react-toastify/-/react-toastify-11.1.0.tgz. Extracting by manifest.
2031 silly tarball no local data for react-router@https://registry.npmjs.org/react-router/-/react-router-7.18.1.tgz. Extracting by manifest.
2032 silly tarball no local data for react-dom@https://registry.npmjs.org/react-dom/-/react-dom-18.3.1.tgz. Extracting by manifest.
2033 silly tarball no local data for postcss@https://registry.npmjs.org/postcss/-/postcss-8.5.22.tgz. Extracting by manifest.
2034 silly tarball no local data for vite@https://registry.npmjs.org/vite/-/vite-6.4.3.tgz. Extracting by manifest.
2035 silly tarball no local data for globals@https://registry.npmjs.org/globals/-/globals-15.15.0.tgz. Extracting by manifest.
2036 silly tarball no local data for eslint-plugin-react-refresh@https://registry.npmjs.org/eslint-plugin-react-refresh/-/eslint-plugin-react-refresh-0.4.26.tgz. Extracting by manifest.
2037 silly tarball no local data for eslint-plugin-react-hooks@https://registry.npmjs.org/eslint-plugin-react-hooks/-/eslint-plugin-react-hooks-5.2.0.tgz. Extracting by manifest.
2038 silly tarball no local data for autoprefixer@https://registry.npmjs.org/autoprefixer/-/autoprefixer-10.5.4.tgz. Extracting by manifest.
2039 silly tarball no local data for dotenv@https://registry.npmjs.org/dotenv/-/dotenv-16.6.1.tgz. Extracting by manifest.
2040 silly tarball no local data for eslint@https://registry.npmjs.org/eslint/-/eslint-9.39.5.tgz. Extracting by manifest.
2041 silly tarball no local data for @vitejs/plugin-react@https://registry.npmjs.org/@vitejs/plugin-react/-/plugin-react-4.7.0.tgz. Extracting by manifest.
2042 silly tarball no local data for react@https://registry.npmjs.org/react/-/react-18.3.1.tgz. Extracting by manifest.
2043 silly tarball no local data for @types/react-dom@https://registry.npmjs.org/@types/react-dom/-/react-dom-18.3.7.tgz. Extracting by manifest.
2044 silly tarball no local data for @types/react@https://registry.npmjs.org/@types/react/-/react-18.3.31.tgz. Extracting by manifest.
2045 silly tarball no local data for @types/node@https://registry.npmjs.org/@types/node/-/node-22.20.1.tgz. Extracting by manifest.
2046 silly tarball no local data for @eslint/js@https://registry.npmjs.org/@eslint/js/-/js-9.39.5.tgz. Extracting by manifest.
2047 silly tarball no local data for @mahe-npm/common@https://registry.npmjs.org/@mahe-npm/common/-/common-1.1.2.tgz. Extracting by manifest.
2048 silly tarball no local data for eslint-visitor-keys@https://registry.npmjs.org/eslint-visitor-keys/-/eslint-visitor-keys-5.0.1.tgz. Extracting by manifest.
2049 silly tarball no local data for minimatch@https://registry.npmjs.org/minimatch/-/minimatch-10.2.5.tgz. Extracting by manifest.
2050 silly tarball no local data for balanced-match@https://registry.npmjs.org/balanced-match/-/balanced-match-4.0.4.tgz. Extracting by manifest.
2051 silly tarball no local data for @tailwindcss/vite@https://registry.npmjs.org/@tailwindcss/vite/-/vite-4.3.3.tgz. Extracting by manifest.
2052 silly tarball no local data for axios@https://registry.npmjs.org/axios/-/axios-1.18.1.tgz. Extracting by manifest.
2053 silly tarball no local data for brace-expansion@https://registry.npmjs.org/brace-expansion/-/brace-expansion-5.0.7.tgz. Extracting by manifest.
2054 silly tarball no local data for semver@https://registry.npmjs.org/semver/-/semver-7.8.5.tgz. Extracting by manifest.
2055 silly tarball no local data for eslint-visitor-keys@https://registry.npmjs.org/eslint-visitor-keys/-/eslint-visitor-keys-3.4.3.tgz. Extracting by manifest.
2056 silly tarball no local data for ignore@https://registry.npmjs.org/ignore/-/ignore-7.0.6.tgz. Extracting by manifest.
2057 silly tarball no local data for globals@https://registry.npmjs.org/globals/-/globals-14.0.0.tgz. Extracting by manifest.
2058 http fetch GET 200 https://registry.npmjs.org/isexe/-/isexe-2.0.0.tgz 107ms (cache miss)
2059 http fetch GET 200 https://registry.npmjs.org/fdir/-/fdir-6.5.0.tgz 146ms (cache miss)
2060 http fetch GET 200 https://registry.npmjs.org/escalade/-/escalade-3.2.0.tgz 146ms (cache miss)
2061 http fetch GET 200 https://registry.npmjs.org/esbuild/-/esbuild-0.25.12.tgz 146ms (cache miss)
2062 http fetch GET 200 https://registry.npmjs.org/ts-api-utils/-/ts-api-utils-2.5.0.tgz 220ms (cache miss)
2063 http fetch GET 200 https://registry.npmjs.org/picomatch/-/picomatch-4.0.5.tgz 261ms (cache miss)
2064 http fetch GET 200 https://registry.npmjs.org/@typescript-eslint/visitor-keys/-/visitor-keys-8.65.0.tgz 263ms (cache miss)
2065 http fetch GET 200 https://registry.npmjs.org/@typescript-eslint/project-service/-/project-service-8.65.0.tgz 263ms (cache miss)
2066 http fetch GET 200 https://registry.npmjs.org/fsevents/-/fsevents-2.3.3.tgz 264ms (cache miss)
2067 http fetch GET 200 https://registry.npmjs.org/@typescript-eslint/scope-manager/-/scope-manager-8.65.0.tgz 357ms (cache miss)
2068 http fetch GET 200 https://registry.npmjs.org/tinyglobby/-/tinyglobby-0.2.17.tgz 374ms (cache miss)
2069 http fetch GET 200 https://registry.npmjs.org/rollup/-/rollup-4.62.2.tgz 377ms (cache miss)
2070 http fetch GET 200 https://registry.npmjs.org/@typescript-eslint/utils/-/utils-8.65.0.tgz 390ms (cache miss)
2071 http fetch GET 200 https://registry.npmjs.org/@typescript-eslint/typescript-estree/-/typescript-estree-8.65.0.tgz 402ms (cache miss)
2072 http fetch GET 200 https://registry.npmjs.org/punycode/-/punycode-2.3.1.tgz 439ms (cache miss)
2073 http fetch GET 200 https://registry.npmjs.org/@typescript-eslint/tsconfig-utils/-/tsconfig-utils-8.65.0.tgz 441ms (cache miss)
2074 http fetch GET 200 https://registry.npmjs.org/@typescript-eslint/types/-/types-8.65.0.tgz 442ms (cache miss)
2075 http fetch GET 200 https://registry.npmjs.org/set-cookie-parser/-/set-cookie-parser-2.7.2.tgz 477ms (cache miss)
2076 http fetch GET 200 https://registry.npmjs.org/clsx/-/clsx-2.1.1.tgz 478ms (cache miss)
2077 http fetch GET 200 https://registry.npmjs.org/@typescript-eslint/parser/-/parser-8.65.0.tgz 481ms (cache miss)
2078 http fetch GET 200 https://registry.npmjs.org/@typescript-eslint/type-utils/-/type-utils-8.65.0.tgz 483ms (cache miss)
2079 http fetch POST 200 https://registry.npmjs.org/-/npm/v1/security/advisories/bulk 540ms
2080 silly audit report {}
2081 http fetch GET 200 https://registry.npmjs.org/@rollup/rollup-darwin-arm64/-/rollup-darwin-arm64-4.62.2.tgz 523ms (cache miss)
2082 http fetch GET 200 https://registry.npmjs.org/has-flag/-/has-flag-4.0.0.tgz 523ms (cache miss)
2083 http fetch GET 200 https://registry.npmjs.org/scheduler/-/scheduler-0.23.2.tgz 525ms (cache miss)
2084 http fetch GET 200 https://registry.npmjs.org/shebang-regex/-/shebang-regex-3.0.0.tgz 566ms (cache miss)
2085 http fetch GET 200 https://registry.npmjs.org/cookie/-/cookie-1.1.1.tgz 567ms (cache miss)
2086 http fetch GET 200 https://registry.npmjs.org/word-wrap/-/word-wrap-1.2.5.tgz 591ms (cache miss)
2087 http fetch GET 200 https://registry.npmjs.org/callsites/-/callsites-3.1.0.tgz 591ms (cache miss)
2088 http fetch GET 200 https://registry.npmjs.org/nanoid/-/nanoid-3.3.16.tgz 591ms (cache miss)
2089 http fetch GET 200 https://registry.npmjs.org/yocto-queue/-/yocto-queue-0.1.0.tgz 613ms (cache miss)
2090 http fetch GET 200 https://registry.npmjs.org/p-limit/-/p-limit-3.1.0.tgz 630ms (cache miss)
2091 http fetch GET 200 https://registry.npmjs.org/fast-levenshtein/-/fast-levenshtein-2.0.6.tgz 630ms (cache miss)
2092 http fetch GET 200 https://registry.npmjs.org/loose-envify/-/loose-envify-1.4.0.tgz 630ms (cache miss)
2093 http fetch GET 200 https://registry.npmjs.org/concat-map/-/concat-map-0.0.1.tgz 630ms (cache miss)
2094 http fetch GET 200 https://registry.npmjs.org/deep-is/-/deep-is-0.1.4.tgz 669ms (cache miss)
2095 http fetch GET 200 https://registry.npmjs.org/balanced-match/-/balanced-match-1.0.2.tgz 669ms (cache miss)
2096 http fetch GET 200 https://registry.npmjs.org/brace-expansion/-/brace-expansion-1.1.16.tgz 672ms (cache miss)
2097 http fetch GET 200 https://registry.npmjs.org/@typescript-eslint/eslint-plugin/-/eslint-plugin-8.65.0.tgz 675ms (cache miss)
2098 http fetch GET 200 https://registry.npmjs.org/yallist/-/yallist-3.1.1.tgz 706ms (cache miss)
2099 http fetch GET 200 https://registry.npmjs.org/prelude-ls/-/prelude-ls-1.2.1.tgz 707ms (cache miss)
2100 http fetch GET 200 https://registry.npmjs.org/type-check/-/type-check-0.4.0.tgz 751ms (cache miss)
2101 http fetch GET 200 https://registry.npmjs.org/p-locate/-/p-locate-5.0.0.tgz 756ms (cache miss)
2102 http fetch GET 200 https://registry.npmjs.org/detect-libc/-/detect-libc-2.1.2.tgz 756ms (cache miss)
2103 http fetch GET 200 https://registry.npmjs.org/json-buffer/-/json-buffer-3.0.1.tgz 775ms (cache miss)
2104 http fetch GET 200 https://registry.npmjs.org/resolve-from/-/resolve-from-4.0.0.tgz 775ms (cache miss)
2105 http fetch GET 200 https://registry.npmjs.org/parent-module/-/parent-module-1.0.1.tgz 775ms (cache miss)
2106 http fetch GET 200 https://registry.npmjs.org/agent-base/-/agent-base-6.0.2.tgz 780ms (cache miss)
2107 http fetch GET 200 https://registry.npmjs.org/mime-db/-/mime-db-1.52.0.tgz 780ms (cache miss)
2108 http fetch GET 200 https://registry.npmjs.org/is-extglob/-/is-extglob-2.1.1.tgz 849ms (cache miss)
2109 http fetch GET 200 https://registry.npmjs.org/dunder-proto/-/dunder-proto-1.0.1.tgz 850ms (cache miss)
2110 http fetch GET 200 https://registry.npmjs.org/get-proto/-/get-proto-1.0.1.tgz 850ms (cache miss)
2111 http fetch GET 200 https://registry.npmjs.org/math-intrinsics/-/math-intrinsics-1.1.0.tgz 851ms (cache miss)
2112 http fetch GET 200 https://registry.npmjs.org/has-symbols/-/has-symbols-1.1.0.tgz 878ms (cache miss)
2113 http fetch GET 200 https://registry.npmjs.org/gopd/-/gopd-1.2.0.tgz 881ms (cache miss)
2114 http fetch GET 200 https://registry.npmjs.org/es-define-property/-/es-define-property-1.0.1.tgz 882ms (cache miss)
2115 http fetch GET 200 https://registry.npmjs.org/argparse/-/argparse-2.0.1.tgz 970ms (cache miss)
2116 http fetch GET 200 https://registry.npmjs.org/es-object-atoms/-/es-object-atoms-1.1.2.tgz 970ms (cache miss)
2117 http fetch GET 200 https://registry.npmjs.org/get-intrinsic/-/get-intrinsic-1.3.0.tgz 974ms (cache miss)
2118 http fetch GET 200 https://registry.npmjs.org/has-tostringtag/-/has-tostringtag-1.0.2.tgz 976ms (cache miss)
2119 http fetch GET 200 https://registry.npmjs.org/es-errors/-/es-errors-1.3.0.tgz 976ms (cache miss)
2120 http fetch GET 200 https://registry.npmjs.org/mime-types/-/mime-types-2.1.35.tgz 977ms (cache miss)
2121 http fetch GET 200 https://registry.npmjs.org/function-bind/-/function-bind-1.1.2.tgz 1005ms (cache miss)
2122 http fetch GET 200 https://registry.npmjs.org/hasown/-/hasown-2.0.4.tgz 1014ms (cache miss)
2123 http fetch GET 200 https://registry.npmjs.org/delayed-stream/-/delayed-stream-1.0.0.tgz 1016ms (cache miss)
2124 http fetch GET 200 https://registry.npmjs.org/combined-stream/-/combined-stream-1.0.8.tgz 1015ms (cache miss)
2125 http fetch GET 200 https://registry.npmjs.org/es-set-tostringtag/-/es-set-tostringtag-2.1.0.tgz 1018ms (cache miss)
2126 http fetch GET 200 https://registry.npmjs.org/asynckit/-/asynckit-0.4.0.tgz 1075ms (cache miss)
2127 http fetch GET 200 https://registry.npmjs.org/flatted/-/flatted-3.4.3.tgz 1079ms (cache miss)
2128 http fetch GET 200 https://registry.npmjs.org/locate-path/-/locate-path-6.0.0.tgz 1140ms (cache miss)
2129 http fetch GET 200 https://registry.npmjs.org/shebang-command/-/shebang-command-2.0.0.tgz 1155ms (cache miss)
2130 http fetch GET 200 https://registry.npmjs.org/flat-cache/-/flat-cache-4.0.1.tgz 1158ms (cache miss)
2131 http fetch GET 200 https://registry.npmjs.org/path-exists/-/path-exists-4.0.0.tgz 1181ms (cache miss)
2132 http fetch GET 200 https://registry.npmjs.org/estraverse/-/estraverse-5.3.0.tgz 1183ms (cache miss)
2133 http fetch GET 200 https://registry.npmjs.org/keyv/-/keyv-4.5.4.tgz 1185ms (cache miss)
2134 http fetch GET 200 https://registry.npmjs.org/esrecurse/-/esrecurse-4.3.0.tgz 1196ms (cache miss)
2135 http fetch GET 200 https://registry.npmjs.org/path-key/-/path-key-3.1.1.tgz 1220ms (cache miss)
2136 http fetch GET 200 https://registry.npmjs.org/which/-/which-2.0.2.tgz 1220ms (cache miss)
2137 http fetch GET 200 https://registry.npmjs.org/call-bind-apply-helpers/-/call-bind-apply-helpers-1.0.2.tgz 1222ms (cache miss)
2138 http fetch GET 200 https://registry.npmjs.org/acorn/-/acorn-8.17.0.tgz 1234ms (cache miss)
2139 http fetch GET 200 https://registry.npmjs.org/acorn-jsx/-/acorn-jsx-5.3.2.tgz 1234ms (cache miss)
2140 http fetch GET 200 https://registry.npmjs.org/supports-color/-/supports-color-7.2.0.tgz 1234ms (cache miss)
2141 http fetch GET 200 https://registry.npmjs.org/color-convert/-/color-convert-2.0.1.tgz 1296ms (cache miss)
2142 http fetch GET 200 https://registry.npmjs.org/color-name/-/color-name-1.1.4.tgz 1295ms (cache miss)
2143 http fetch GET 200 https://registry.npmjs.org/ansi-styles/-/ansi-styles-4.3.0.tgz 1296ms (cache miss)
2144 http fetch GET 200 https://registry.npmjs.org/import-fresh/-/import-fresh-3.3.1.tgz 1361ms (cache miss)
2145 http fetch GET 200 https://registry.npmjs.org/json-schema-traverse/-/json-schema-traverse-0.4.1.tgz 1379ms (cache miss)
2146 http fetch GET 200 https://registry.npmjs.org/levn/-/levn-0.4.1.tgz 1379ms (cache miss)
2147 http fetch GET 200 https://registry.npmjs.org/fast-json-stable-stringify/-/fast-json-stable-stringify-2.1.0.tgz 1380ms (cache miss)
2148 http fetch GET 200 https://registry.npmjs.org/optionator/-/optionator-0.9.4.tgz 1420ms (cache miss)
2149 http fetch GET 200 https://registry.npmjs.org/@types/json-schema/-/json-schema-7.0.15.tgz 1421ms (cache miss)
2150 http fetch GET 200 https://registry.npmjs.org/@humanfs/types/-/types-0.15.0.tgz 1420ms (cache miss)
2151 http fetch GET 200 https://registry.npmjs.org/@humanfs/core/-/core-0.19.2.tgz 1422ms (cache miss)
2152 http fetch GET 200 https://registry.npmjs.org/uri-js/-/uri-js-4.4.1.tgz 1426ms (cache miss)
2153 http fetch GET 200 https://registry.npmjs.org/is-glob/-/is-glob-4.0.3.tgz 1436ms (cache miss)
2154 http fetch GET 200 https://registry.npmjs.org/js-yaml/-/js-yaml-4.3.0.tgz 1466ms (cache miss)
2155 http fetch GET 200 https://registry.npmjs.org/strip-json-comments/-/strip-json-comments-3.1.1.tgz 1465ms (cache miss)
2156 http fetch GET 200 https://registry.npmjs.org/@eslint/object-schema/-/object-schema-2.1.7.tgz 1480ms (cache miss)
2157 http fetch GET 200 https://registry.npmjs.org/imurmurhash/-/imurmurhash-0.1.4.tgz 1502ms (cache miss)
2158 http fetch GET 200 https://registry.npmjs.org/lodash.merge/-/lodash.merge-4.6.2.tgz 1555ms (cache miss)
2159 http fetch GET 200 https://registry.npmjs.org/ignore/-/ignore-5.3.2.tgz 1630ms (cache miss)
2160 http fetch GET 200 https://registry.npmjs.org/natural-compare/-/natural-compare-1.4.0.tgz 1630ms (cache miss)
2161 http fetch GET 200 https://registry.npmjs.org/glob-parent/-/glob-parent-6.0.2.tgz 1630ms (cache miss)
2162 http fetch GET 200 https://registry.npmjs.org/find-up/-/find-up-5.0.0.tgz 1630ms (cache miss)
2163 http fetch GET 200 https://registry.npmjs.org/minimatch/-/minimatch-3.1.5.tgz 1630ms (cache miss)
2164 http fetch GET 200 https://registry.npmjs.org/esutils/-/esutils-2.0.3.tgz 1631ms (cache miss)
2165 http fetch GET 200 https://registry.npmjs.org/file-entry-cache/-/file-entry-cache-8.0.0.tgz 1631ms (cache miss)
2166 http fetch GET 200 https://registry.npmjs.org/fast-deep-equal/-/fast-deep-equal-3.1.3.tgz 1632ms (cache miss)
2167 http fetch GET 200 https://registry.npmjs.org/@esbuild/darwin-arm64/-/darwin-arm64-0.25.12.tgz 1665ms (cache miss)
2168 http fetch GET 200 https://registry.npmjs.org/json-stable-stringify-without-jsonify/-/json-stable-stringify-without-jsonify-1.0.1.tgz 1660ms (cache miss)
2169 http fetch GET 200 https://registry.npmjs.org/eslint-visitor-keys/-/eslint-visitor-keys-4.2.1.tgz 1661ms (cache miss)
2170 http fetch GET 200 https://registry.npmjs.org/espree/-/espree-10.4.0.tgz 1663ms (cache miss)
2171 http fetch GET 200 https://registry.npmjs.org/eslint-scope/-/eslint-scope-8.4.0.tgz 1697ms (cache miss)
2172 http fetch GET 200 https://registry.npmjs.org/esquery/-/esquery-1.7.0.tgz 1719ms (cache miss)
2173 http fetch GET 200 https://registry.npmjs.org/escape-string-regexp/-/escape-string-regexp-4.0.0.tgz 1729ms (cache miss)
2174 http fetch GET 200 https://registry.npmjs.org/chalk/-/chalk-4.1.2.tgz 1730ms (cache miss)
2175 http fetch GET 200 https://registry.npmjs.org/lightningcss-darwin-arm64/-/lightningcss-darwin-arm64-1.32.0.tgz 1771ms (cache miss)
2176 http fetch GET 200 https://registry.npmjs.org/@humanwhocodes/retry/-/retry-0.4.3.tgz 1779ms (cache miss)
2177 http fetch GET 200 https://registry.npmjs.org/@types/estree/-/estree-1.0.9.tgz 1779ms (cache miss)
2178 http fetch GET 200 https://registry.npmjs.org/ajv/-/ajv-6.15.0.tgz 1790ms (cache miss)
2179 http fetch GET 200 https://registry.npmjs.org/@humanfs/node/-/node-0.16.8.tgz 1790ms (cache miss)
2180 http fetch GET 200 https://registry.npmjs.org/cross-spawn/-/cross-spawn-7.0.6.tgz 1806ms (cache miss)
2181 http fetch GET 200 https://registry.npmjs.org/@humanwhocodes/module-importer/-/module-importer-1.0.1.tgz 1806ms (cache miss)
2182 http fetch GET 200 https://registry.npmjs.org/@eslint/core/-/core-0.17.0.tgz 1831ms (cache miss)
2183 http fetch GET 200 https://registry.npmjs.org/@eslint/config-array/-/config-array-0.21.2.tgz 1834ms (cache miss)
2184 http fetch GET 200 https://registry.npmjs.org/ms/-/ms-2.1.3.tgz 1834ms (cache miss)
2185 http fetch GET 200 https://registry.npmjs.org/@eslint/config-helpers/-/config-helpers-0.4.2.tgz 1835ms (cache miss)
2186 http fetch GET 200 https://registry.npmjs.org/update-browserslist-db/-/update-browserslist-db-1.2.3.tgz 1835ms (cache miss)
2187 http fetch GET 200 https://registry.npmjs.org/@eslint/eslintrc/-/eslintrc-3.3.6.tgz 1836ms (cache miss)
2188 http fetch GET 200 https://registry.npmjs.org/@eslint-community/regexpp/-/regexpp-4.12.2.tgz 1843ms (cache miss)
2189 http fetch GET 200 https://registry.npmjs.org/node-releases/-/node-releases-2.0.51.tgz 1852ms (cache miss)
2190 http fetch GET 200 https://registry.npmjs.org/@eslint-community/eslint-utils/-/eslint-utils-4.10.1.tgz 1853ms (cache miss)
2191 http fetch GET 200 https://registry.npmjs.org/proxy-from-env/-/proxy-from-env-2.1.0.tgz 1864ms (cache miss)
2192 http fetch GET 200 https://registry.npmjs.org/@eslint/plugin-kit/-/plugin-kit-0.4.1.tgz 1871ms (cache miss)
2193 http fetch GET 200 https://registry.npmjs.org/baseline-browser-mapping/-/baseline-browser-mapping-2.11.1.tgz 1890ms (cache miss)
2194 http fetch GET 200 https://registry.npmjs.org/tapable/-/tapable-2.3.3.tgz 1891ms (cache miss)
2195 http fetch GET 200 https://registry.npmjs.org/electron-to-chromium/-/electron-to-chromium-1.5.395.tgz 1912ms (cache miss)
2196 http fetch GET 200 https://registry.npmjs.org/postcss-value-parser/-/postcss-value-parser-4.2.0.tgz 1923ms (cache miss)
2197 http fetch GET 200 https://registry.npmjs.org/follow-redirects/-/follow-redirects-1.16.0.tgz 1924ms (cache miss)
2198 http fetch GET 200 https://registry.npmjs.org/graceful-fs/-/graceful-fs-4.2.11.tgz 1928ms (cache miss)
2199 http fetch GET 200 https://registry.npmjs.org/@types/babel__traverse/-/babel__traverse-7.28.0.tgz 1928ms (cache miss)
2200 http fetch GET 200 https://registry.npmjs.org/@types/babel__template/-/babel__template-7.4.4.tgz 1929ms (cache miss)
2201 http fetch GET 200 https://registry.npmjs.org/form-data/-/form-data-4.0.6.tgz 1929ms (cache miss)
2202 http fetch GET 200 https://registry.npmjs.org/https-proxy-agent/-/https-proxy-agent-5.0.1.tgz 1929ms (cache miss)
2203 http fetch GET 200 https://registry.npmjs.org/@types/babel__generator/-/babel__generator-7.27.0.tgz 1930ms (cache miss)
2204 http fetch GET 200 https://registry.npmjs.org/@babel/helper-string-parser/-/helper-string-parser-7.29.7.tgz 1930ms (cache miss)
2205 http fetch GET 200 https://registry.npmjs.org/fraction.js/-/fraction.js-5.3.4.tgz 1932ms (cache miss)
2206 http fetch GET 200 https://registry.npmjs.org/@babel/helper-globals/-/helper-globals-7.29.7.tgz 1981ms (cache miss)
2207 http fetch GET 200 https://registry.npmjs.org/browserslist/-/browserslist-4.28.7.tgz 2003ms (cache miss)
2208 http fetch GET 200 https://registry.npmjs.org/@babel/helper-validator-option/-/helper-validator-option-7.29.7.tgz 2004ms (cache miss)
2209 http fetch GET 200 https://registry.npmjs.org/@babel/helper-module-imports/-/helper-module-imports-7.29.7.tgz 2006ms (cache miss)
2210 http fetch GET 200 https://registry.npmjs.org/picocolors/-/picocolors-1.1.1.tgz 2010ms (cache miss)
2211 http fetch GET 200 https://registry.npmjs.org/lru-cache/-/lru-cache-5.1.1.tgz 2011ms (cache miss)
2212 http fetch GET 200 https://registry.npmjs.org/jsesc/-/jsesc-3.1.0.tgz 2011ms (cache miss)
2213 http fetch GET 200 https://registry.npmjs.org/semver/-/semver-6.3.1.tgz 2011ms (cache miss)
2214 http fetch GET 200 https://registry.npmjs.org/debug/-/debug-4.4.3.tgz 2016ms (cache miss)
2215 http fetch GET 200 https://registry.npmjs.org/gensync/-/gensync-1.0.0-beta.2.tgz 2015ms (cache miss)
2216 http fetch GET 200 https://registry.npmjs.org/js-tokens/-/js-tokens-4.0.0.tgz 2016ms (cache miss)
2217 http fetch GET 200 https://registry.npmjs.org/@babel/helper-validator-identifier/-/helper-validator-identifier-7.29.7.tgz 2016ms (cache miss)
2218 http fetch GET 200 https://registry.npmjs.org/convert-source-map/-/convert-source-map-2.0.0.tgz 2016ms (cache miss)
2219 http fetch GET 200 https://registry.npmjs.org/json5/-/json5-2.2.3.tgz 2064ms (cache miss)
2220 http fetch GET 200 https://registry.npmjs.org/caniuse-lite/-/caniuse-lite-1.0.30001806.tgz 2081ms (cache miss)
2221 http fetch GET 200 https://registry.npmjs.org/@babel/helper-module-transforms/-/helper-module-transforms-7.29.7.tgz 2159ms (cache miss)
2222 http fetch GET 200 https://registry.npmjs.org/@babel/generator/-/generator-7.29.7.tgz 2160ms (cache miss)
2223 http fetch GET 200 https://registry.npmjs.org/@types/babel__core/-/babel__core-7.20.5.tgz 2179ms (cache miss)
2224 http fetch GET 200 https://registry.npmjs.org/@babel/helper-compilation-targets/-/helper-compilation-targets-7.29.7.tgz 2181ms (cache miss)
2225 http fetch GET 200 https://registry.npmjs.org/@babel/traverse/-/traverse-7.29.7.tgz 2212ms (cache miss)
2226 http fetch GET 200 https://registry.npmjs.org/@babel/template/-/template-7.29.7.tgz 2213ms (cache miss)
2227 http fetch GET 200 https://registry.npmjs.org/@babel/code-frame/-/code-frame-7.29.7.tgz 2238ms (cache miss)
2228 http fetch GET 200 https://registry.npmjs.org/@babel/compat-data/-/compat-data-7.29.7.tgz 2239ms (cache miss)
2229 http fetch GET 200 https://registry.npmjs.org/@rolldown/pluginutils/-/pluginutils-1.0.0-beta.27.tgz 2239ms (cache miss)
2230 http fetch GET 200 https://registry.npmjs.org/undici-types/-/undici-types-6.21.0.tgz 2249ms (cache miss)
2231 http fetch GET 200 https://registry.npmjs.org/@babel/helpers/-/helpers-7.29.7.tgz 2278ms (cache miss)
2232 http fetch GET 200 https://registry.npmjs.org/@babel/helper-plugin-utils/-/helper-plugin-utils-7.29.7.tgz 2293ms (cache miss)
2233 http fetch GET 200 https://registry.npmjs.org/@babel/core/-/core-7.29.7.tgz 2291ms (cache miss)
2234 http fetch GET 200 https://registry.npmjs.org/@babel/types/-/types-7.29.7.tgz 2300ms (cache miss)
2235 http fetch GET 200 https://registry.npmjs.org/react-refresh/-/react-refresh-0.17.0.tgz 2319ms (cache miss)
2236 http fetch GET 200 https://registry.npmjs.org/@babel/parser/-/parser-7.29.7.tgz 2321ms (cache miss)
2237 http fetch GET 200 https://registry.npmjs.org/@babel/plugin-transform-react-jsx-self/-/plugin-transform-react-jsx-self-7.29.7.tgz 2324ms (cache miss)
2238 http fetch GET 200 https://registry.npmjs.org/@types/prop-types/-/prop-types-15.7.15.tgz 2331ms (cache miss)
2239 http fetch GET 200 https://registry.npmjs.org/lightningcss/-/lightningcss-1.32.0.tgz 2383ms (cache miss)
2240 http fetch GET 200 https://registry.npmjs.org/source-map-js/-/source-map-js-1.2.1.tgz 2388ms (cache miss)
2241 http fetch GET 200 https://registry.npmjs.org/@jridgewell/resolve-uri/-/resolve-uri-3.1.2.tgz 2414ms (cache miss)
2242 http fetch GET 200 https://registry.npmjs.org/@jridgewell/trace-mapping/-/trace-mapping-0.3.31.tgz 2420ms (cache miss)
2243 http fetch GET 200 https://registry.npmjs.org/@jridgewell/sourcemap-codec/-/sourcemap-codec-1.5.5.tgz 2432ms (cache miss)
2244 http fetch GET 200 https://registry.npmjs.org/csstype/-/csstype-3.2.3.tgz 2438ms (cache miss)
2245 http fetch GET 200 https://registry.npmjs.org/enhanced-resolve/-/enhanced-resolve-5.24.3.tgz 2440ms (cache miss)
2246 http fetch GET 200 https://registry.npmjs.org/magic-string/-/magic-string-0.30.21.tgz 2472ms (cache miss)
2247 http fetch GET 200 https://registry.npmjs.org/@jridgewell/remapping/-/remapping-2.3.5.tgz 2478ms (cache miss)
2248 http fetch GET 200 https://registry.npmjs.org/@jridgewell/gen-mapping/-/gen-mapping-0.3.13.tgz 2485ms (cache miss)
2249 http fetch GET 200 https://registry.npmjs.org/@tailwindcss/node/-/node-4.3.3.tgz 2486ms (cache miss)
2250 http fetch GET 200 https://registry.npmjs.org/typescript-eslint/-/typescript-eslint-8.65.0.tgz 2542ms (cache miss)
2251 http fetch GET 200 https://registry.npmjs.org/jiti/-/jiti-2.7.0.tgz 2572ms (cache miss)
2252 http fetch GET 200 https://registry.npmjs.org/@tailwindcss/oxide/-/oxide-4.3.3.tgz 2611ms (cache miss)
2253 http fetch GET 200 https://registry.npmjs.org/tailwindcss/-/tailwindcss-4.3.3.tgz 2655ms (cache miss)
2254 http fetch GET 200 https://registry.npmjs.org/@babel/plugin-transform-react-jsx-source/-/plugin-transform-react-jsx-source-7.29.7.tgz 2708ms (cache miss)
2255 http fetch GET 200 https://registry.npmjs.org/zod/-/zod-3.25.76.tgz 2743ms (cache miss)
2256 http fetch GET 200 https://registry.npmjs.org/postcss/-/postcss-8.5.22.tgz 2784ms (cache miss)
2257 http fetch GET 200 https://registry.npmjs.org/globals/-/globals-15.15.0.tgz 2814ms (cache miss)
2258 http fetch GET 200 https://registry.npmjs.org/eslint-plugin-react-refresh/-/eslint-plugin-react-refresh-0.4.26.tgz 2816ms (cache miss)
2259 http fetch GET 200 https://registry.npmjs.org/eslint-plugin-react-hooks/-/eslint-plugin-react-hooks-5.2.0.tgz 2929ms (cache miss)
2260 http fetch GET 200 https://registry.npmjs.org/react-toastify/-/react-toastify-11.1.0.tgz 2957ms (cache miss)
2261 http fetch GET 200 https://registry.npmjs.org/autoprefixer/-/autoprefixer-10.5.4.tgz 2965ms (cache miss)
2262 http fetch GET 200 https://registry.npmjs.org/dotenv/-/dotenv-16.6.1.tgz 3098ms (cache miss)
2263 http fetch GET 200 https://registry.npmjs.org/react/-/react-18.3.1.tgz 3164ms (cache miss)
2264 http fetch GET 200 https://registry.npmjs.org/@vitejs/plugin-react/-/plugin-react-4.7.0.tgz 3165ms (cache miss)
2265 http fetch GET 200 https://registry.npmjs.org/@types/react-dom/-/react-dom-18.3.7.tgz 3186ms (cache miss)
2266 http fetch GET 200 https://registry.npmjs.org/vite/-/vite-6.4.3.tgz 3197ms (cache miss)
2267 http fetch GET 200 https://registry.npmjs.org/@types/react/-/react-18.3.31.tgz 3228ms (cache miss)
2268 http fetch GET 200 https://registry.npmjs.org/@eslint/js/-/js-9.39.5.tgz 3306ms (cache miss)
2269 http fetch GET 200 https://registry.npmjs.org/eslint-visitor-keys/-/eslint-visitor-keys-5.0.1.tgz 3307ms (cache miss)
2270 http fetch GET 200 https://registry.npmjs.org/minimatch/-/minimatch-10.2.5.tgz 3478ms (cache miss)
2271 http fetch GET 200 https://registry.npmjs.org/balanced-match/-/balanced-match-4.0.4.tgz 3546ms (cache miss)
2272 http fetch GET 200 https://registry.npmjs.org/@tailwindcss/vite/-/vite-4.3.3.tgz 3569ms (cache miss)
2273 http fetch GET 200 https://registry.npmjs.org/@types/node/-/node-22.20.1.tgz 3578ms (cache miss)
2274 http fetch GET 200 https://registry.npmjs.org/brace-expansion/-/brace-expansion-5.0.7.tgz 3591ms (cache miss)
2275 http fetch GET 200 https://registry.npmjs.org/semver/-/semver-7.8.5.tgz 3596ms (cache miss)
2276 http fetch GET 200 https://registry.npmjs.org/eslint/-/eslint-9.39.5.tgz 3625ms (cache miss)
2277 http fetch GET 200 https://registry.npmjs.org/eslint-visitor-keys/-/eslint-visitor-keys-3.4.3.tgz 3664ms (cache miss)
2278 http fetch GET 200 https://registry.npmjs.org/ignore/-/ignore-7.0.6.tgz 3665ms (cache miss)
2279 http fetch GET 200 https://registry.npmjs.org/react-router/-/react-router-7.18.1.tgz 3703ms (cache miss)
2280 http fetch GET 200 https://registry.npmjs.org/react-dom/-/react-dom-18.3.1.tgz 3706ms (cache miss)
2281 http fetch GET 200 https://registry.npmjs.org/@mahe-npm/common/-/common-1.1.2.tgz 3737ms (cache miss)
2282 http fetch GET 200 https://registry.npmjs.org/@tailwindcss/oxide-darwin-arm64/-/oxide-darwin-arm64-4.3.3.tgz 3765ms (cache miss)
2283 http fetch GET 200 https://registry.npmjs.org/globals/-/globals-14.0.0.tgz 3761ms (cache miss)
2284 http fetch GET 200 https://registry.npmjs.org/axios/-/axios-1.18.1.tgz 3774ms (cache miss)
2285 http fetch GET 200 https://registry.npmjs.org/typescript/-/typescript-5.6.3.tgz 4149ms (cache miss)
2286 info run fsevents@2.3.3 install node_modules/fsevents node-gyp rebuild
2287 info run fsevents@2.3.3 install { code: 1, signal: null }
2288 verbose reify failed optional dependency /Users/mahesh/projects/blog/frontend/node_modules/fsevents
2289 silly reify mark deleted [ '/Users/mahesh/projects/blog/frontend/node_modules/fsevents' ]
2290 info run esbuild@0.25.12 postinstall node_modules/esbuild node install.js
2291 info run esbuild@0.25.12 postinstall { code: 0, signal: null }
2292 silly ADD node_modules/isexe
2293 silly ADD node_modules/@rollup/rollup-darwin-arm64
2294 silly ADD node_modules/@esbuild/darwin-arm64
2295 silly ADD node_modules/rollup
2296 silly ADD
2297 silly ADD node_modules/esbuild
2298 silly ADD node_modules/punycode
2299 silly ADD node_modules/escalade
2300 silly ADD node_modules/picomatch
2301 silly ADD node_modules/fdir
2302 silly ADD node_modules/tinyglobby
2303 silly ADD node_modules/@typescript-eslint/tsconfig-utils
2304 silly ADD node_modules/@typescript-eslint/project-service
2305 silly ADD node_modules/@typescript-eslint/types
2306 silly ADD node_modules/ts-api-utils
2307 silly ADD node_modules/@typescript-eslint/visitor-keys
2308 silly ADD node_modules/@typescript-eslint/visitor-keys/node_modules/eslint-visitor-keys
2309 silly ADD node_modules/@typescript-eslint/type-utils
2310 silly ADD node_modules/@typescript-eslint/scope-manager
2311 silly ADD node_modules/@typescript-eslint/utils
2312 silly ADD node_modules/@typescript-eslint/typescript-estree
2313 silly ADD node_modules/@typescript-eslint/typescript-estree/node_modules/balanced-match
2314 silly ADD node_modules/@typescript-eslint/typescript-estree/node_modules/brace-expansion
2315 silly ADD node_modules/@typescript-eslint/typescript-estree/node_modules/semver
2316 silly ADD node_modules/@typescript-eslint/typescript-estree/node_modules/minimatch
2317 silly ADD node_modules/@typescript-eslint/parser
2318 silly ADD node_modules/@typescript-eslint/eslint-plugin
2319 silly ADD node_modules/@typescript-eslint/eslint-plugin/node_modules/ignore
2320 silly ADD node_modules/has-flag
2321 silly ADD node_modules/shebang-regex
2322 silly ADD node_modules/clsx
2323 silly ADD node_modules/set-cookie-parser
2324 silly ADD node_modules/cookie
2325 silly ADD node_modules/scheduler
2326 silly ADD node_modules/loose-envify
2327 silly ADD node_modules/nanoid
2328 silly ADD node_modules/callsites
2329 silly ADD node_modules/yocto-queue
2330 silly ADD node_modules/p-limit
2331 silly ADD node_modules/word-wrap
2332 silly ADD node_modules/fast-levenshtein
2333 silly ADD node_modules/deep-is
2334 silly ADD node_modules/concat-map
2335 silly ADD node_modules/balanced-match
2336 silly ADD node_modules/brace-expansion
2337 silly ADD node_modules/mime-db
2338 silly ADD node_modules/yallist
2339 silly ADD node_modules/p-locate
2340 silly ADD node_modules/lightningcss-darwin-arm64
2341 silly ADD node_modules/detect-libc
2342 silly ADD node_modules/type-check
2343 silly ADD node_modules/prelude-ls
2344 silly ADD node_modules/json-buffer
2345 silly ADD node_modules/argparse
2346 silly ADD node_modules/is-extglob
2347 silly ADD node_modules/resolve-from
2348 silly ADD node_modules/parent-module
2349 silly ADD node_modules/agent-base
2350 silly ADD node_modules/dunder-proto
2351 silly ADD node_modules/math-intrinsics
2352 silly ADD node_modules/has-symbols
2353 silly ADD node_modules/gopd
2354 silly ADD node_modules/get-proto
2355 silly ADD node_modules/function-bind
2356 silly ADD node_modules/es-object-atoms
2357 silly ADD node_modules/es-define-property
2358 silly ADD node_modules/call-bind-apply-helpers
2359 silly ADD node_modules/has-tostringtag
2360 silly ADD node_modules/get-intrinsic
2361 silly ADD node_modules/es-errors
2362 silly ADD node_modules/delayed-stream
2363 silly ADD node_modules/mime-types
2364 silly ADD node_modules/hasown
2365 silly ADD node_modules/es-set-tostringtag
2366 silly ADD node_modules/combined-stream
2367 silly ADD node_modules/asynckit
2368 silly ADD node_modules/keyv
2369 silly ADD node_modules/flatted
2370 silly ADD node_modules/path-exists
2371 silly ADD node_modules/locate-path
2372 silly ADD node_modules/flat-cache
2373 silly ADD node_modules/acorn-jsx
2374 silly ADD node_modules/acorn
2375 silly ADD node_modules/estraverse
2376 silly ADD node_modules/esrecurse
2377 silly ADD node_modules/which
2378 silly ADD node_modules/shebang-command
2379 silly ADD node_modules/path-key
2380 silly ADD node_modules/color-name
2381 silly ADD node_modules/color-convert
2382 silly ADD node_modules/supports-color
2383 silly ADD node_modules/ansi-styles
2384 silly ADD node_modules/uri-js
2385 silly ADD node_modules/json-schema-traverse
2386 silly ADD node_modules/fast-json-stable-stringify
2387 silly ADD node_modules/@humanfs/types
2388 silly ADD node_modules/@humanfs/core
2389 silly ADD node_modules/levn
2390 silly ADD node_modules/strip-json-comments
2391 silly ADD node_modules/js-yaml
2392 silly ADD node_modules/import-fresh
2393 silly ADD node_modules/@types/json-schema
2394 silly ADD node_modules/@eslint/object-schema
2395 silly ADD node_modules/optionator
2396 silly ADD node_modules/natural-compare
2397 silly ADD node_modules/minimatch
2398 silly ADD node_modules/lodash.merge
2399 silly ADD node_modules/json-stable-stringify-without-jsonify
2400 silly ADD node_modules/is-glob
2401 silly ADD node_modules/imurmurhash
2402 silly ADD node_modules/ignore
2403 silly ADD node_modules/glob-parent
2404 silly ADD node_modules/find-up
2405 silly ADD node_modules/file-entry-cache
2406 silly ADD node_modules/fast-deep-equal
2407 silly ADD node_modules/esutils
2408 silly ADD node_modules/esquery
2409 silly ADD node_modules/espree
2410 silly ADD node_modules/eslint-visitor-keys
2411 silly ADD node_modules/eslint-scope
2412 silly ADD node_modules/escape-string-regexp
2413 silly ADD node_modules/cross-spawn
2414 silly ADD node_modules/chalk
2415 silly ADD node_modules/ajv
2416 silly ADD node_modules/@types/estree
2417 silly ADD node_modules/@humanwhocodes/retry
2418 silly ADD node_modules/@humanwhocodes/module-importer
2419 silly ADD node_modules/@humanfs/node
2420 silly ADD node_modules/@eslint/plugin-kit
2421 silly ADD node_modules/@eslint/eslintrc
2422 silly ADD node_modules/@eslint/eslintrc/node_modules/globals
2423 silly ADD node_modules/@eslint/core
2424 silly ADD node_modules/@eslint/config-helpers
2425 silly ADD node_modules/@eslint/config-array
2426 silly ADD node_modules/@eslint-community/regexpp
2427 silly ADD node_modules/@eslint-community/eslint-utils
2428 silly ADD node_modules/@eslint-community/eslint-utils/node_modules/eslint-visitor-keys
2429 silly ADD node_modules/tapable
2430 silly ADD node_modules/graceful-fs
2431 silly ADD node_modules/ms
2432 silly ADD node_modules/update-browserslist-db
2433 silly ADD node_modules/node-releases
2434 silly ADD node_modules/electron-to-chromium
2435 silly ADD node_modules/baseline-browser-mapping
2436 silly ADD node_modules/proxy-from-env
2437 silly ADD node_modules/https-proxy-agent
2438 silly ADD node_modules/form-data
2439 silly ADD node_modules/follow-redirects
2440 silly ADD node_modules/postcss-value-parser
2441 silly ADD node_modules/fraction.js
2442 silly ADD node_modules/caniuse-lite
2443 silly ADD node_modules/@types/babel__traverse
2444 silly ADD node_modules/@types/babel__template
2445 silly ADD node_modules/@types/babel__generator
2446 silly ADD node_modules/@babel/helper-string-parser
2447 silly ADD node_modules/@babel/helper-globals
2448 silly ADD node_modules/@babel/helper-plugin-utils
2449 silly ADD node_modules/@babel/helper-module-imports
2450 silly ADD node_modules/lru-cache
2451 silly ADD node_modules/browserslist
2452 silly ADD node_modules/@babel/helper-validator-option
2453 silly ADD node_modules/@babel/compat-data
2454 silly ADD node_modules/jsesc
2455 silly ADD node_modules/picocolors
2456 silly ADD node_modules/js-tokens
2457 silly ADD node_modules/@babel/helper-validator-identifier
2458 silly ADD node_modules/semver
2459 silly ADD node_modules/json5
2460 silly ADD node_modules/gensync
2461 silly ADD node_modules/debug
2462 silly ADD node_modules/convert-source-map
2463 silly ADD node_modules/@babel/types
2464 silly ADD node_modules/@babel/traverse
2465 silly ADD node_modules/@babel/template
2466 silly ADD node_modules/@babel/parser
2467 silly ADD node_modules/@babel/helpers
2468 silly ADD node_modules/@babel/helper-module-transforms
2469 silly ADD node_modules/@babel/helper-compilation-targets
2470 silly ADD node_modules/@babel/generator
2471 silly ADD node_modules/@babel/code-frame
2472 silly ADD node_modules/react-refresh
2473 silly ADD node_modules/@types/babel__core
2474 silly ADD node_modules/@rolldown/pluginutils
2475 silly ADD node_modules/@babel/plugin-transform-react-jsx-source
2476 silly ADD node_modules/@babel/plugin-transform-react-jsx-self
2477 silly ADD node_modules/@babel/core
2478 silly ADD node_modules/csstype
2479 silly ADD node_modules/@types/prop-types
2480 silly ADD node_modules/undici-types
2481 silly ADD node_modules/@tailwindcss/oxide-darwin-arm64
2482 silly ADD node_modules/@jridgewell/resolve-uri
2483 silly ADD node_modules/@jridgewell/sourcemap-codec
2484 silly ADD node_modules/@jridgewell/trace-mapping
2485 silly ADD node_modules/@jridgewell/gen-mapping
2486 silly ADD node_modules/source-map-js
2487 silly ADD node_modules/magic-string
2488 silly ADD node_modules/lightningcss
2489 silly ADD node_modules/jiti
2490 silly ADD node_modules/enhanced-resolve
2491 silly ADD node_modules/@jridgewell/remapping
2492 silly ADD node_modules/@tailwindcss/oxide
2493 silly ADD node_modules/@tailwindcss/node
2494 silly ADD node_modules/zod
2495 silly ADD node_modules/vite
2496 silly ADD node_modules/typescript-eslint
2497 silly ADD node_modules/typescript
2498 silly ADD node_modules/tailwindcss
2499 silly ADD node_modules/react-toastify
2500 silly ADD node_modules/react-router
2501 silly ADD node_modules/react-dom
2502 silly ADD node_modules/react
2503 silly ADD node_modules/postcss
2504 silly ADD node_modules/globals
2505 silly ADD node_modules/eslint-plugin-react-refresh
2506 silly ADD node_modules/eslint-plugin-react-hooks
2507 silly ADD node_modules/eslint
2508 silly ADD node_modules/dotenv
2509 silly ADD node_modules/axios
2510 silly ADD node_modules/autoprefixer
2511 silly ADD node_modules/@vitejs/plugin-react
2512 silly ADD node_modules/@types/react-dom
2513 silly ADD node_modules/@types/react
2514 silly ADD node_modules/@types/node
2515 silly ADD node_modules/@tailwindcss/vite
2516 silly ADD node_modules/@mahe-npm/common
2517 silly ADD node_modules/@eslint/js
2518 warn allow-scripts 1 package has install scripts not yet covered by allowScripts:
2518 warn allow-scripts   esbuild@0.25.12 (postinstall: node install.js)
2518 warn allow-scripts
2518 warn allow-scripts Run `npm approve-scripts --allow-scripts-pending` to review, or `npm approve-scripts <pkg>` to allow.
2519 verbose cwd /Users/mahesh/projects/blog/frontend
2520 verbose os Darwin 25.5.0
2521 verbose node v24.18.0
2522 verbose npm  v11.16.0
2523 notice
2523 notice New major version of npm available! 11.16.0 -> 12.0.1
2523 notice Changelog: https://github.com/npm/cli/releases/tag/v12.0.1
2523 notice To update run: npm install -g npm@12.0.1
2523 notice  { force: true, Symbol(proc-log.meta): true }
2524 verbose exit 0
2525 info ok
